cell_type,gene,count
CD56bright-liver,ABCB1,2367
CD56bright-liver,ABL1,329
CD56bright-liver,ADA,375
CD56bright-liver,AHR,533
CD56bright-liver,AIRE,13
CD56bright-liver,APP,104
CD56bright-liver,ARHGDIB,4046
CD56bright-liver,ATG16L1,529
CD56bright-liver,ATM,25
CD56bright-liver,BATF,71
CD56bright-liver,BATF3,4
CD56bright-liver,BCL2,138
CD56bright-liver,BCL3,433
CD56bright-liver,BCL6,1438
CD56bright-liver,BID,154
CD56bright-liver,BLNK,4
CD56bright-liver,BST1,8
CD56bright-liver,BST2,1413
CD56bright-liver,BTK,4
CD56bright-liver,C1QA,4
CD56bright-liver,C1QB,4
CD56bright-liver,C1QBP,346
CD56bright-liver,C1R,58
CD56bright-liver,C1S,13
CD56bright-liver,C2,4
CD56bright-liver,C3,13
CD56bright-liver,C4A,38
CD56bright-liver,C4B,29
CD56bright-liver,C5,13
CD56bright-liver,C7,13
CD56bright-liver,C8G,25
CD56bright-liver,C9,4
CD56bright-liver,CAMP,4
CD56bright-liver,CARD9,8
CD56bright-liver,CASP1,229
CD56bright-liver,CASP10,21
CD56bright-liver,CASP2,525
CD56bright-liver,CASP3,546
CD56bright-liver,CASP8,1429
CD56bright-liver,CCBP2,25
CD56bright-liver,CCL13,13
CD56bright-liver,CCL16,8
CD56bright-liver,CCL18,4
CD56bright-liver,CCL19,4
CD56bright-liver,CCL2,17
CD56bright-liver,CCL20,4
CD56bright-liver,CCL22,104
CD56bright-liver,CCL23,13
CD56bright-liver,CCL24,17
CD56bright-liver,CCL26,4
CD56bright-liver,CCL3,2646
CD56bright-liver,CCL4,6796
CD56bright-liver,CCL5,5354
CD56bright-liver,CCL7,4
CD56bright-liver,CCL8,8
CD56bright-liver,CCR10,17
CD56bright-liver,CCR5,267
CD56bright-liver,CCR6,21
CD56bright-liver,CCR7,54
CD56bright-liver,CCR8,8
CD56bright-liver,CCRL2,4
CD56bright-liver,CD14,17
CD56bright-liver,CD19,4
CD56bright-liver,CD209,8
CD56bright-liver,CD22,17
CD56bright-liver,CD24,158
CD56bright-liver,CD244,867
CD56bright-liver,CD247,4975
CD56bright-liver,CD27,400
CD56bright-liver,CD274,33
CD56bright-liver,CD28,138
CD56bright-liver,CD36,8
CD56bright-liver,CD3D,213
CD56bright-liver,CD3E,2088
CD56bright-liver,CD3EAP,50
CD56bright-liver,CD4,4
CD56bright-liver,CD40,29
CD56bright-liver,CD40LG,21
CD56bright-liver,CD44,1021
CD56bright-liver,CD46,1217
CD56bright-liver,CD5,54
CD56bright-liver,CD53,1104
CD56bright-liver,CD55,29
CD56bright-liver,CD58,629
CD56bright-liver,CD59,417
CD56bright-liver,CD6,383
CD56bright-liver,CD7,3038
CD56bright-liver,CD74,3654
CD56bright-liver,CD79A,8
CD56bright-liver,CD80,8
CD56bright-liver,CD81,2934
CD56bright-liver,CD82,67
CD56bright-liver,CD83,208
CD56bright-liver,CD86,4
CD56bright-liver,CD8A,438
CD56bright-liver,CD8B,17
CD56bright-liver,CD9,46
CD56bright-liver,CD96,4154
CD56bright-liver,CD97,3321
CD56bright-liver,CDH5,4
CD56bright-liver,CDKN1A,75
CD56bright-liver,CEACAM1,4
CD56bright-liver,CEBPB,158
CD56bright-liver,CFB,4
CD56bright-liver,CFD,4
CD56bright-liver,CFH,17
CD56bright-liver,CFP,4
CD56bright-liver,CIITA,29
CD56bright-liver,CISH,17
CD56bright-liver,CLEC4A,42
CD56bright-liver,CLEC4E,8
CD56bright-liver,CLEC5A,17
CD56bright-liver,CLU,13
CD56bright-liver,CMKLR1,4
CD56bright-liver,CR1,4
CD56bright-liver,CR2,8
CD56bright-liver,CRADD,117
CD56bright-liver,CSF1,33
CD56bright-liver,CSF1R,4
CD56bright-liver,CSF2,25
CD56bright-liver,CSF2RB,8
CD56bright-liver,CSF3R,4
CD56bright-liver,CTLA4,8
CD56bright-liver,CTSC,1542
CD56bright-liver,CUL9,650
CD56bright-liver,CX3CR1,8
CD56bright-liver,CXCL1,25
CD56bright-liver,CXCL10,13
CD56bright-liver,CXCL11,8
CD56bright-liver,CXCL2,17
CD56bright-liver,CXCR1,4
CD56bright-liver,CXCR2,17
CD56bright-liver,CXCR3,504
CD56bright-liver,CXCR4,6530
CD56bright-liver,CXCR6,3117
CD56bright-liver,CYBB,4
CD56bright-liver,DEFB1,4
CD56bright-liver,DPP4,4
CD56bright-liver,EBI3,8
CD56bright-liver,ENTPD1,25
CD56bright-liver,ETS1,8000
CD56bright-liver,FADD,13
CD56bright-liver,FAS,83
CD56bright-liver,FCAR,4
CD56bright-liver,FCER1A,4
CD56bright-liver,FCER1G,3059
CD56bright-liver,FCGR1A,13
CD56bright-liver,FCGR2A,4
CD56bright-liver,FCGR2B,29
CD56bright-liver,FCGR2C,8
CD56bright-liver,FCGR3A,63
CD56bright-liver,FCGRT,179
CD56bright-liver,FKBP5,183
CD56bright-liver,FN1,4
CD56bright-liver,FOXP3,8
CD56bright-liver,FYN,5184
CD56bright-liver,GATA3,117
CD56bright-liver,GFI1,388
CD56bright-liver,GNLY,4834
CD56bright-liver,GZMA,3225
CD56bright-liver,GZMB,292
CD56bright-liver,HAMP,4
CD56bright-liver,HFE,4
CD56bright-liver,HLA-C,19214
CD56bright-liver,HLA-DMB,525
CD56bright-liver,HLA-DOB,167
CD56bright-liver,HLA-DPA1,750
CD56bright-liver,HLA-DPB1,675
CD56bright-liver,HLA-DQA1,75
CD56bright-liver,HLA-DQB1,13
CD56bright-liver,HLA-DRA,621
CD56bright-liver,HLA-DRB1,946
CD56bright-liver,HLA-DRB3,383
CD56bright-liver,ICAM1,188
CD56bright-liver,ICAM2,417
CD56bright-liver,ICAM3,1004
CD56bright-liver,ICAM4,33
CD56bright-liver,ICAM5,17
CD56bright-liver,ICOS,17
CD56bright-liver,ICOSLG,29
CD56bright-liver,IFI16,1300
CD56bright-liver,IFI35,104
CD56bright-liver,IFIH1,129
CD56bright-liver,IFIT2,25
CD56bright-liver,IFITM1,3725
CD56bright-liver,IFNAR1,146
CD56bright-liver,IFNAR2,1708
CD56bright-liver,IFNB1,4
CD56bright-liver,IFNG,17
CD56bright-liver,IFNGR1,704
CD56bright-liver,IGF2R,108
CD56bright-liver,IKBKB,188
CD56bright-liver,IKBKE,171
CD56bright-liver,IKBKG,608
CD56bright-liver,IKZF1,392
CD56bright-liver,IKZF2,1492
CD56bright-liver,IKZF3,1088
CD56bright-liver,IL10,4
CD56bright-liver,IL10RA,1404
CD56bright-liver,IL11RA,225
CD56bright-liver,IL12A,42
CD56bright-liver,IL12B,4
CD56bright-liver,IL12RB1,192
CD56bright-liver,IL13,4
CD56bright-liver,IL13RA1,4
CD56bright-liver,IL15,21
CD56bright-liver,IL16,2604
CD56bright-liver,IL17A,8
CD56bright-liver,IL17F,4
CD56bright-liver,IL18,88
CD56bright-liver,IL18R1,796
CD56bright-liver,IL18RAP,967
CD56bright-liver,IL1A,4
CD56bright-liver,IL1B,42
CD56bright-liver,IL1R1,4
CD56bright-liver,IL1R2,21
CD56bright-liver,IL1RAP,33
CD56bright-liver,IL1RL1,4
CD56bright-liver,IL1RL2,13
CD56bright-liver,IL1RN,17
CD56bright-liver,IL2,4
CD56bright-liver,IL20,8
CD56bright-liver,IL21,4
CD56bright-liver,IL21R,58
CD56bright-liver,IL22,4
CD56bright-liver,IL23A,4
CD56bright-liver,IL23R,283
CD56bright-liver,IL26,75
CD56bright-liver,IL28B,21
CD56bright-liver,IL29,13
CD56bright-liver,IL2RA,42
CD56bright-liver,IL2RB,4117
CD56bright-liver,IL2RG,2213
CD56bright-liver,IL3,4
CD56bright-liver,IL32,23043
CD56bright-liver,IL4,4
CD56bright-liver,IL4R,329
CD56bright-liver,IL5,4
CD56bright-liver,IL6,4
CD56bright-liver,IL6R,4
CD56bright-liver,IL6ST,267
CD56bright-liver,IL7R,458
CD56bright-liver,IL8,117
CD56bright-liver,IL9,4
CD56bright-liver,IRAK2,213
CD56bright-liver,IRAK3,13
CD56bright-liver,IRAK4,450
CD56bright-liver,IRF1,1117
CD56bright-liver,IRF3,2058
CD56bright-liver,IRF4,283
CD56bright-liver,IRF5,29
CD56bright-liver,IRF7,596
CD56bright-liver,IRF8,329
CD56bright-liver,IRGM,54
CD56bright-liver,ITGA2B,13
CD56bright-liver,ITGA4,1321
CD56bright-liver,ITGA5,146
CD56bright-liver,ITGA6,179
CD56bright-liver,ITGAL,2700
CD56bright-liver,ITGAM,233
CD56bright-liver,ITGAX,154
CD56bright-liver,ITGB1,1592
CD56bright-liver,ITGB2,1329
CD56bright-liver,JAK1,4229
CD56bright-liver,JAK2,1096
CD56bright-liver,JAK3,463
CD56bright-liver,KIR2DL1,4
CD56bright-liver,KIR2DL2,4
CD56bright-liver,KIR2DL3,258
CD56bright-liver,KIR2DL5A,63
CD56bright-liver,KIR2DS1,8
CD56bright-liver,KIR2DS2,8
CD56bright-liver,KIR2DS3,13
CD56bright-liver,KIR2DS4,17
CD56bright-liver,KIR2DS5,17
CD56bright-liver,KIR3DL1,463
CD56bright-liver,KIR3DL2,221
CD56bright-liver,KIR3DL3,4
CD56bright-liver,KIR3DS1,25
CD56bright-liver,KIT,88
CD56bright-liver,KLRB1,9755
CD56bright-liver,KLRC1,963
CD56bright-liver,KLRD1,3813
CD56bright-liver,LAIR1,96
CD56bright-liver,LCK,1946
CD56bright-liver,LCP2,1958
CD56bright-liver,LEF1,88
CD56bright-liver,LIF,71
CD56bright-liver,LILRA1,8
CD56bright-liver,LILRA2,4
CD56bright-liver,LILRA3,25
CD56bright-liver,LILRA5,8
CD56bright-liver,LILRA6,8
CD56bright-liver,LILRB1,17
CD56bright-liver,LILRB2,17
CD56bright-liver,LILRB3,4
CD56bright-liver,LILRB4,4
CD56bright-liver,LILRB5,4
CD56bright-liver,LITAF,800
CD56bright-liver,LTA,75
CD56bright-liver,LTB4R,138
CD56bright-liver,LTB4R2,142
CD56bright-liver,LTBR,33
CD56bright-liver,LY96,4
CD56bright-liver,MAF,117
CD56bright-liver,MAP4K1,608
CD56bright-liver,MAP4K2,375
CD56bright-liver,MAP4K4,338
CD56bright-liver,MAPK1,1783
CD56bright-liver,MAPK11,58
CD56bright-liver,MAPK14,758
CD56bright-liver,MAPKAPK2,875
CD56bright-liver,MBP,129
CD56bright-liver,MR1,88
CD56bright-liver,MS4A1,104
CD56bright-liver,MSR1,13
CD56bright-liver,MUC1,25
CD56bright-liver,MX1,342
CD56bright-liver,MYD88,588
CD56bright-liver,NCAM1,371
CD56bright-liver,NCF4,25
CD56bright-liver,NCR1,2934
CD56bright-liver,NFATC1,71
CD56bright-liver,NFATC2,1483
CD56bright-liver,NFATC3,1067
CD56bright-liver,NFIL3,104
CD56bright-liver,NFKB1,304
CD56bright-liver,NFKBIA,1654
CD56bright-liver,NFKBIZ,242
CD56bright-liver,NOD2,21
CD56bright-liver,NOS2,8
CD56bright-liver,NOTCH1,396
CD56bright-liver,NOTCH2,342
CD56bright-liver,PAX5,4
CD56bright-liver,PDCD1,13
CD56bright-liver,PDCD1LG2,4
CD56bright-liver,PDGFB,4
CD56bright-liver,PDGFRB,4
CD56bright-liver,PLAU,4
CD56bright-liver,PLAUR,8
CD56bright-liver,PML,113
CD56bright-liver,POU2F2,129
CD56bright-liver,PPARG,17
CD56bright-liver,PPBP,13
CD56bright-liver,PRDM1,263
CD56bright-liver,PRF1,6809
CD56bright-liver,PRKCD,154
CD56bright-liver,PSMB10,925
CD56bright-liver,PSMB5,4
CD56bright-liver,PSMB9,1375
CD56bright-liver,PSMC2,413
CD56bright-liver,PSMD7,538
CD56bright-liver,PTAFR,21
CD56bright-liver,PTGER4,375
CD56bright-liver,PTGS2,13
CD56bright-liver,PTK2,108
CD56bright-liver,PTPN2,1171
CD56bright-liver,PTPN22,2633
CD56bright-liver,PTPN6,592
CD56bright-liver,PTPRC,7605
CD56bright-liver,RAG1,8
CD56bright-liver,RAG2,21
CD56bright-liver,RARRES3,1496
CD56bright-liver,RORC,4
CD56bright-liver,RUNX1,392
CD56bright-liver,SELL,183
CD56bright-liver,SELPLG,46
CD56bright-liver,SERPING1,4
CD56bright-liver,SH2D1A,2425
CD56bright-liver,SIGIRR,1421
CD56bright-liver,SKI,367
CD56bright-liver,SLAMF1,13
CD56bright-liver,SLAMF7,3309
CD56bright-liver,SMAD3,1404
CD56bright-liver,SMAD5,358
CD56bright-liver,SOCS1,488
CD56bright-liver,SOCS3,38
CD56bright-liver,SPP1,21
CD56bright-liver,SRC,13
CD56bright-liver,STAT1,325
CD56bright-liver,STAT2,738
CD56bright-liver,STAT4,1425
CD56bright-liver,STAT5A,417
CD56bright-liver,STAT5B,938
CD56bright-liver,SYK,654
CD56bright-liver,TAGAP,2388
CD56bright-liver,TAL1,4
CD56bright-liver,TAP1,317
CD56bright-liver,TAP2,192
CD56bright-liver,TAPBP,2208
CD56bright-liver,TBK1,304
CD56bright-liver,TBX21,758
CD56bright-liver,TCF4,8
CD56bright-liver,TCF7,2688
CD56bright-liver,TFRC,242
CD56bright-liver,TGFB1,3946
CD56bright-liver,TGFBI,38
CD56bright-liver,TGFBR1,467
CD56bright-liver,TGFBR2,1146
CD56bright-liver,TIGIT,1238
CD56bright-liver,TIRAP,58
CD56bright-liver,TLR1,750
CD56bright-liver,TLR2,13
CD56bright-liver,TLR3,17
CD56bright-liver,TLR4,4
CD56bright-liver,TLR5,4
CD56bright-liver,TLR7,4
CD56bright-liver,TLR8,4
CD56bright-liver,TLR9,21
CD56bright-liver,TMEM173,58
CD56bright-liver,TNF,175
CD56bright-liver,TNFAIP3,1854
CD56bright-liver,TNFAIP6,13
CD56bright-liver,TNFRSF10C,13
CD56bright-liver,TNFRSF11A,50
CD56bright-liver,TNFRSF13B,4
CD56bright-liver,TNFRSF13C,25
CD56bright-liver,TNFRSF14,458
CD56bright-liver,TNFRSF17,4
CD56bright-liver,TNFRSF1B,325
CD56bright-liver,TNFRSF4,8
CD56bright-liver,TNFRSF8,21
CD56bright-liver,TNFRSF9,138
CD56bright-liver,TNFSF10,517
CD56bright-liver,TNFSF11,25
CD56bright-liver,TNFSF12,508
CD56bright-liver,TNFSF13B,29
CD56bright-liver,TNFSF15,8
CD56bright-liver,TNFSF8,4
CD56bright-liver,TOLLIP,325
CD56bright-liver,TRAF1,425
CD56bright-liver,TRAF4,83
CD56bright-liver,TRAF5,404
CD56bright-liver,TYK2,621
CD56bright-liver,VCAM1,50
CD56bright-liver,VTN,13
CD56bright-liver,XBP1,317
CD56bright-liver,XCL1,208
CD56bright-liver,XCR1,13
CD56bright-liver,ZAP70,1771
CD56bright-liver,ABCB1,2048
CD56bright-liver,ABL1,344
CD56bright-liver,ADA,293
CD56bright-liver,AHR,534
CD56bright-liver,AIRE,26
CD56bright-liver,APP,69
CD56bright-liver,ARHGDIB,3804
CD56bright-liver,ATG16L1,439
CD56bright-liver,ATM,9
CD56bright-liver,BATF,95
CD56bright-liver,BATF3,52
CD56bright-liver,BCL2,69
CD56bright-liver,BCL3,491
CD56bright-liver,BCL6,1076
CD56bright-liver,BID,95
CD56bright-liver,BLNK,9
CD56bright-liver,BST1,26
CD56bright-liver,BST2,1446
CD56bright-liver,BTK,9
CD56bright-liver,C1QA,9
CD56bright-liver,C1QB,26
CD56bright-liver,C1QBP,250
CD56bright-liver,C1R,95
CD56bright-liver,C1S,9
CD56bright-liver,C2,34
CD56bright-liver,C3,17
CD56bright-liver,C4A,34
CD56bright-liver,C4B,60
CD56bright-liver,C5,9
CD56bright-liver,C7,26
CD56bright-liver,C8G,26
CD56bright-liver,C9,69
CD56bright-liver,CAMP,9
CD56bright-liver,CARD9,9
CD56bright-liver,CASP1,232
CD56bright-liver,CASP10,138
CD56bright-liver,CASP2,353
CD56bright-liver,CASP3,473
CD56bright-liver,CASP8,1256
CD56bright-liver,CCBP2,26
CD56bright-liver,CCL13,26
CD56bright-liver,CCL16,26
CD56bright-liver,CCL18,26
CD56bright-liver,CCL19,9
CD56bright-liver,CCL2,9
CD56bright-liver,CCL20,9
CD56bright-liver,CCL22,43
CD56bright-liver,CCL23,26
CD56bright-liver,CCL24,155
CD56bright-liver,CCL26,9
CD56bright-liver,CCL3,5362
CD56bright-liver,CCL4,15388
CD56bright-liver,CCL5,5620
CD56bright-liver,CCL7,9
CD56bright-liver,CCL8,43
CD56bright-liver,CCR10,34
CD56bright-liver,CCR5,181
CD56bright-liver,CCR6,26
CD56bright-liver,CCR7,34
CD56bright-liver,CCR8,9
CD56bright-liver,CCRL2,34
CD56bright-liver,CD14,60
CD56bright-liver,CD19,9
CD56bright-liver,CD209,17
CD56bright-liver,CD22,60
CD56bright-liver,CD24,77
CD56bright-liver,CD244,723
CD56bright-liver,CD247,5215
CD56bright-liver,CD27,258
CD56bright-liver,CD274,17
CD56bright-liver,CD28,164
CD56bright-liver,CD36,17
CD56bright-liver,CD3D,491
CD56bright-liver,CD3E,1110
CD56bright-liver,CD3EAP,77
CD56bright-liver,CD4,9
CD56bright-liver,CD40,86
CD56bright-liver,CD40LG,9
CD56bright-liver,CD44,1222
CD56bright-liver,CD46,929
CD56bright-liver,CD5,17
CD56bright-liver,CD53,964
CD56bright-liver,CD55,77
CD56bright-liver,CD58,594
CD56bright-liver,CD59,439
CD56bright-liver,CD6,499
CD56bright-liver,CD7,2556
CD56bright-liver,CD74,3709
CD56bright-liver,CD79A,9
CD56bright-liver,CD80,34
CD56bright-liver,CD81,2513
CD56bright-liver,CD82,120
CD56bright-liver,CD83,215
CD56bright-liver,CD86,17
CD56bright-liver,CD8A,215
CD56bright-liver,CD8B,52
CD56bright-liver,CD9,43
CD56bright-liver,CD96,5327
CD56bright-liver,CD97,4337
CD56bright-liver,CDH5,9
CD56bright-liver,CDKN1A,155
CD56bright-liver,CEACAM1,17
CD56bright-liver,CEBPB,189
CD56bright-liver,CFB,9
CD56bright-liver,CFD,9
CD56bright-liver,CFH,86
CD56bright-liver,CFP,17
CD56bright-liver,CIITA,34
CD56bright-liver,CISH,17
CD56bright-liver,CLEC4A,60
CD56bright-liver,CLEC4E,9
CD56bright-liver,CLEC5A,52
CD56bright-liver,CLU,17
CD56bright-liver,CMKLR1,17
CD56bright-liver,CR1,60
CD56bright-liver,CR2,17
CD56bright-liver,CRADD,60
CD56bright-liver,CSF1,138
CD56bright-liver,CSF1R,17
CD56bright-liver,CSF2,112
CD56bright-liver,CSF2RB,9
CD56bright-liver,CSF3R,9
CD56bright-liver,CTLA4,86
CD56bright-liver,CTSC,1825
CD56bright-liver,CUL9,396
CD56bright-liver,CX3CR1,26
CD56bright-liver,CXCL1,43
CD56bright-liver,CXCL10,17
CD56bright-liver,CXCL11,26
CD56bright-liver,CXCL2,26
CD56bright-liver,CXCR1,9
CD56bright-liver,CXCR2,17
CD56bright-liver,CXCR3,792
CD56bright-liver,CXCR4,3933
CD56bright-liver,CXCR6,2522
CD56bright-liver,CYBB,77
CD56bright-liver,DEFB1,26
CD56bright-liver,DPP4,9
CD56bright-liver,EBI3,9
CD56bright-liver,ENTPD1,60
CD56bright-liver,ETS1,7969
CD56bright-liver,FADD,43
CD56bright-liver,FAS,77
CD56bright-liver,FCAR,26
CD56bright-liver,FCER1A,9
CD56bright-liver,FCER1G,2737
CD56bright-liver,FCGR1A,77
CD56bright-liver,FCGR2A,26
CD56bright-liver,FCGR2B,9
CD56bright-liver,FCGR2C,17
CD56bright-liver,FCGR3A,181
CD56bright-liver,FCGRT,120
CD56bright-liver,FKBP5,224
CD56bright-liver,FN1,9
CD56bright-liver,FOXP3,9
CD56bright-liver,FYN,5146
CD56bright-liver,GATA3,60
CD56bright-liver,GFI1,370
CD56bright-liver,GNLY,921
CD56bright-liver,GZMA,2418
CD56bright-liver,GZMB,164
CD56bright-liver,HAMP,9
CD56bright-liver,HFE,17
CD56bright-liver,HLA-C,16085
CD56bright-liver,HLA-DMB,456
CD56bright-liver,HLA-DOB,69
CD56bright-liver,HLA-DPA1,663
CD56bright-liver,HLA-DPB1,508
CD56bright-liver,HLA-DQA1,129
CD56bright-liver,HLA-DQB1,43
CD56bright-liver,HLA-DRA,396
CD56bright-liver,HLA-DRB1,749
CD56bright-liver,HLA-DRB3,318
CD56bright-liver,ICAM1,267
CD56bright-liver,ICAM2,318
CD56bright-liver,ICAM3,723
CD56bright-liver,ICAM4,86
CD56bright-liver,ICAM5,26
CD56bright-liver,ICOS,17
CD56bright-liver,ICOSLG,17
CD56bright-liver,IFI16,904
CD56bright-liver,IFI35,60
CD56bright-liver,IFIH1,181
CD56bright-liver,IFIT2,129
CD56bright-liver,IFITM1,3511
CD56bright-liver,IFNAR1,172
CD56bright-liver,IFNAR2,1033
CD56bright-liver,IFNB1,52
CD56bright-liver,IFNG,34
CD56bright-liver,IFNGR1,585
CD56bright-liver,IGF2R,155
CD56bright-liver,IKBKB,120
CD56bright-liver,IKBKE,155
CD56bright-liver,IKBKG,602
CD56bright-liver,IKZF1,370
CD56bright-liver,IKZF2,723
CD56bright-liver,IKZF3,1205
CD56bright-liver,IL10,9
CD56bright-liver,IL10RA,775
CD56bright-liver,IL11RA,112
CD56bright-liver,IL12A,34
CD56bright-liver,IL12B,34
CD56bright-liver,IL12RB1,189
CD56bright-liver,IL13,9
CD56bright-liver,IL13RA1,17
CD56bright-liver,IL15,43
CD56bright-liver,IL16,2263
CD56bright-liver,IL17A,9
CD56bright-liver,IL17F,26
CD56bright-liver,IL18,164
CD56bright-liver,IL18R1,456
CD56bright-liver,IL18RAP,637
CD56bright-liver,IL1A,60
CD56bright-liver,IL1B,34
CD56bright-liver,IL1R1,43
CD56bright-liver,IL1R2,60
CD56bright-liver,IL1RAP,52
CD56bright-liver,IL1RL1,9
CD56bright-liver,IL1RL2,17
CD56bright-liver,IL1RN,146
CD56bright-liver,IL2,95
CD56bright-liver,IL20,17
CD56bright-liver,IL21,52
CD56bright-liver,IL21R,52
CD56bright-liver,IL22,9
CD56bright-liver,IL23A,9
CD56bright-liver,IL23R,164
CD56bright-liver,IL26,164
CD56bright-liver,IL28B,34
CD56bright-liver,IL29,9
CD56bright-liver,IL2RA,95
CD56bright-liver,IL2RB,4088
CD56bright-liver,IL2RG,2487
CD56bright-liver,IL3,17
CD56bright-liver,IL32,56714
CD56bright-liver,IL4,9
CD56bright-liver,IL4R,448
CD56bright-liver,IL5,17
CD56bright-liver,IL6,9
CD56bright-liver,IL6R,34
CD56bright-liver,IL6ST,318
CD56bright-liver,IL7R,491
CD56bright-liver,IL8,559
CD56bright-liver,IL9,9
CD56bright-liver,IRAK2,267
CD56bright-liver,IRAK3,26
CD56bright-liver,IRAK4,534
CD56bright-liver,IRF1,1687
CD56bright-liver,IRF3,1618
CD56bright-liver,IRF4,508
CD56bright-liver,IRF5,26
CD56bright-liver,IRF7,757
CD56bright-liver,IRF8,327
CD56bright-liver,IRGM,43
CD56bright-liver,ITGA2B,17
CD56bright-liver,ITGA4,1360
CD56bright-liver,ITGA5,215
CD56bright-liver,ITGA6,86
CD56bright-liver,ITGAL,2160
CD56bright-liver,ITGAM,207
CD56bright-liver,ITGAX,275
CD56bright-liver,ITGB1,1308
CD56bright-liver,ITGB2,749
CD56bright-liver,JAK1,3701
CD56bright-liver,JAK2,904
CD56bright-liver,JAK3,344
CD56bright-liver,KIR2DL1,26
CD56bright-liver,KIR2DL2,9
CD56bright-liver,KIR2DL3,327
CD56bright-liver,KIR2DL5A,164
CD56bright-liver,KIR2DS1,26
CD56bright-liver,KIR2DS2,43
CD56bright-liver,KIR2DS3,26
CD56bright-liver,KIR2DS4,164
CD56bright-liver,KIR2DS5,17
CD56bright-liver,KIR3DL1,628
CD56bright-liver,KIR3DL2,327
CD56bright-liver,KIR3DL3,26
CD56bright-liver,KIR3DS1,43
CD56bright-liver,KIT,198
CD56bright-liver,KLRB1,6937
CD56bright-liver,KLRC1,671
CD56bright-liver,KLRD1,3434
CD56bright-liver,LAIR1,164
CD56bright-liver,LCK,1687
CD56bright-liver,LCP2,2031
CD56bright-liver,LEF1,9
CD56bright-liver,LIF,34
CD56bright-liver,LILRA1,9
CD56bright-liver,LILRA2,26
CD56bright-liver,LILRA3,26
CD56bright-liver,LILRA5,52
CD56bright-liver,LILRA6,43
CD56bright-liver,LILRB1,43
CD56bright-liver,LILRB2,34
CD56bright-liver,LILRB3,9
CD56bright-liver,LILRB4,34
CD56bright-liver,LILRB5,9
CD56bright-liver,LITAF,904
CD56bright-liver,LTA,120
CD56bright-liver,LTB4R,34
CD56bright-liver,LTB4R2,69
CD56bright-liver,LTBR,52
CD56bright-liver,LY96,9
CD56bright-liver,MAF,86
CD56bright-liver,MAP4K1,516
CD56bright-liver,MAP4K2,310
CD56bright-liver,MAP4K4,275
CD56bright-liver,MAPK1,1446
CD56bright-liver,MAPK11,60
CD56bright-liver,MAPK14,628
CD56bright-liver,MAPKAPK2,792
CD56bright-liver,MBP,241
CD56bright-liver,MR1,86
CD56bright-liver,MS4A1,34
CD56bright-liver,MSR1,34
CD56bright-liver,MUC1,103
CD56bright-liver,MX1,602
CD56bright-liver,MYD88,534
CD56bright-liver,NCAM1,379
CD56bright-liver,NCF4,60
CD56bright-liver,NCR1,2057
CD56bright-liver,NFATC1,120
CD56bright-liver,NFATC2,1437
CD56bright-liver,NFATC3,766
CD56bright-liver,NFIL3,155
CD56bright-liver,NFKB1,361
CD56bright-liver,NFKBIA,2616
CD56bright-liver,NFKBIZ,353
CD56bright-liver,NOD2,26
CD56bright-liver,NOS2,34
CD56bright-liver,NOTCH1,499
CD56bright-liver,NOTCH2,293
CD56bright-liver,PAX5,34
CD56bright-liver,PDCD1,9
CD56bright-liver,PDCD1LG2,9
CD56bright-liver,PDGFB,17
CD56bright-liver,PDGFRB,9
CD56bright-liver,PLAU,52
CD56bright-liver,PLAUR,17
CD56bright-liver,PML,77
CD56bright-liver,POU2F2,164
CD56bright-liver,PPARG,26
CD56bright-liver,PPBP,9
CD56bright-liver,PRDM1,275
CD56bright-liver,PRF1,3417
CD56bright-liver,PRKCD,129
CD56bright-liver,PSMB10,981
CD56bright-liver,PSMB5,9
CD56bright-liver,PSMB9,1239
CD56bright-liver,PSMC2,482
CD56bright-liver,PSMD7,800
CD56bright-liver,PTAFR,34
CD56bright-liver,PTGER4,637
CD56bright-liver,PTGS2,26
CD56bright-liver,PTK2,112
CD56bright-liver,PTPN2,981
CD56bright-liver,PTPN22,2470
CD56bright-liver,PTPN6,843
CD56bright-liver,PTPRC,7048
CD56bright-liver,RAG1,52
CD56bright-liver,RAG2,34
CD56bright-liver,RARRES3,1377
CD56bright-liver,RORC,43
CD56bright-liver,RUNX1,387
CD56bright-liver,SELL,138
CD56bright-liver,SELPLG,34
CD56bright-liver,SERPING1,9
CD56bright-liver,SH2D1A,1773
CD56bright-liver,SIGIRR,1222
CD56bright-liver,SKI,645
CD56bright-liver,SLAMF1,9
CD56bright-liver,SLAMF7,2590
CD56bright-liver,SMAD3,1136
CD56bright-liver,SMAD5,327
CD56bright-liver,SOCS1,611
CD56bright-liver,SOCS3,34
CD56bright-liver,SPP1,26
CD56bright-liver,SRC,52
CD56bright-liver,STAT1,611
CD56bright-liver,STAT2,654
CD56bright-liver,STAT4,1480
CD56bright-liver,STAT5A,224
CD56bright-liver,STAT5B,886
CD56bright-liver,SYK,456
CD56bright-liver,TAGAP,3305
CD56bright-liver,TAL1,26
CD56bright-liver,TAP1,215
CD56bright-liver,TAP2,120
CD56bright-liver,TAPBP,1997
CD56bright-liver,TBK1,232
CD56bright-liver,TBX21,663
CD56bright-liver,TCF4,9
CD56bright-liver,TCF7,2470
CD56bright-liver,TFRC,336
CD56bright-liver,TGFB1,4518
CD56bright-liver,TGFBI,26
CD56bright-liver,TGFBR1,534
CD56bright-liver,TGFBR2,1205
CD56bright-liver,TIGIT,1196
CD56bright-liver,TIRAP,77
CD56bright-liver,TLR1,688
CD56bright-liver,TLR2,26
CD56bright-liver,TLR3,17
CD56bright-liver,TLR4,69
CD56bright-liver,TLR5,9
CD56bright-liver,TLR7,26
CD56bright-liver,TLR8,43
CD56bright-liver,TLR9,26
CD56bright-liver,TMEM173,9
CD56bright-liver,TNF,861
CD56bright-liver,TNFAIP3,2677
CD56bright-liver,TNFAIP6,17
CD56bright-liver,TNFRSF10C,17
CD56bright-liver,TNFRSF11A,17
CD56bright-liver,TNFRSF13B,34
CD56bright-liver,TNFRSF13C,43
CD56bright-liver,TNFRSF14,353
CD56bright-liver,TNFRSF17,34
CD56bright-liver,TNFRSF1B,232
CD56bright-liver,TNFRSF4,34
CD56bright-liver,TNFRSF8,52
CD56bright-liver,TNFRSF9,146
CD56bright-liver,TNFSF10,611
CD56bright-liver,TNFSF11,9
CD56bright-liver,TNFSF12,542
CD56bright-liver,TNFSF13B,60
CD56bright-liver,TNFSF15,9
CD56bright-liver,TNFSF8,26
CD56bright-liver,TOLLIP,275
CD56bright-liver,TRAF1,473
CD56bright-liver,TRAF4,112
CD56bright-liver,TRAF5,422
CD56bright-liver,TYK2,525
CD56bright-liver,VCAM1,95
CD56bright-liver,VTN,43
CD56bright-liver,XBP1,396
CD56bright-liver,XCL1,525
CD56bright-liver,XCR1,43
CD56bright-liver,ZAP70,1076
CD56bright-PBCM,ABCB1,550
CD56bright-PBCM,ABL1,174
CD56bright-PBCM,ADA,508
CD56bright-PBCM,AHR,1573
CD56bright-PBCM,AIRE,42
CD56bright-PBCM,APP,181
CD56bright-PBCM,ARHGDIB,2262
CD56bright-PBCM,ATG16L1,313
CD56bright-PBCM,ATM,21
CD56bright-PBCM,BATF,63
CD56bright-PBCM,BATF3,14
CD56bright-PBCM,BCL2,181
CD56bright-PBCM,BCL3,473
CD56bright-PBCM,BCL6,842
CD56bright-PBCM,BID,90
CD56bright-PBCM,BLNK,7
CD56bright-PBCM,BST1,97
CD56bright-PBCM,BST2,1023
CD56bright-PBCM,BTK,70
CD56bright-PBCM,C1QA,7
CD56bright-PBCM,C1QB,21
CD56bright-PBCM,C1QBP,536
CD56bright-PBCM,C1R,28
CD56bright-PBCM,C1S,28
CD56bright-PBCM,C2,7
CD56bright-PBCM,C3,77
CD56bright-PBCM,C4A,35
CD56bright-PBCM,C4B,7
CD56bright-PBCM,C5,7
CD56bright-PBCM,C7,21
CD56bright-PBCM,C8G,35
CD56bright-PBCM,C9,28
CD56bright-PBCM,CAMP,7
CD56bright-PBCM,CARD9,42
CD56bright-PBCM,CASP1,209
CD56bright-PBCM,CASP10,35
CD56bright-PBCM,CASP2,425
CD56bright-PBCM,CASP3,188
CD56bright-PBCM,CASP8,995
CD56bright-PBCM,CCBP2,56
CD56bright-PBCM,CCL13,14
CD56bright-PBCM,CCL16,14
CD56bright-PBCM,CCL18,7
CD56bright-PBCM,CCL19,188
CD56bright-PBCM,CCL2,487
CD56bright-PBCM,CCL20,84
CD56bright-PBCM,CCL22,17330
CD56bright-PBCM,CCL23,7
CD56bright-PBCM,CCL24,11205
CD56bright-PBCM,CCL26,7
CD56bright-PBCM,CCL3,2088
CD56bright-PBCM,CCL4,2234
CD56bright-PBCM,CCL5,1608
CD56bright-PBCM,CCL7,118
CD56bright-PBCM,CCL8,7
CD56bright-PBCM,CCR10,7
CD56bright-PBCM,CCR5,341
CD56bright-PBCM,CCR6,77
CD56bright-PBCM,CCR7,1601
CD56bright-PBCM,CCR8,70
CD56bright-PBCM,CCRL2,188
CD56bright-PBCM,CD14,313
CD56bright-PBCM,CD19,14
CD56bright-PBCM,CD209,7
CD56bright-PBCM,CD22,244
CD56bright-PBCM,CD24,56
CD56bright-PBCM,CD244,633
CD56bright-PBCM,CD247,1302
CD56bright-PBCM,CD27,84
CD56bright-PBCM,CD274,167
CD56bright-PBCM,CD28,49
CD56bright-PBCM,CD36,452
CD56bright-PBCM,CD3D,174
CD56bright-PBCM,CD3E,320
CD56bright-PBCM,CD3EAP,42
CD56bright-PBCM,CD4,7
CD56bright-PBCM,CD40,341
CD56bright-PBCM,CD40LG,28
CD56bright-PBCM,CD44,2387
CD56bright-PBCM,CD46,863
CD56bright-PBCM,CD5,251
CD56bright-PBCM,CD53,1239
CD56bright-PBCM,CD55,56
CD56bright-PBCM,CD58,1051
CD56bright-PBCM,CD59,550
CD56bright-PBCM,CD6,49
CD56bright-PBCM,CD7,738
CD56bright-PBCM,CD74,18764
CD56bright-PBCM,CD79A,28
CD56bright-PBCM,CD80,418
CD56bright-PBCM,CD81,1051
CD56bright-PBCM,CD82,592
CD56bright-PBCM,CD83,4030
CD56bright-PBCM,CD86,251
CD56bright-PBCM,CD8A,97
CD56bright-PBCM,CD8B,28
CD56bright-PBCM,CD9,773
CD56bright-PBCM,CD96,1552
CD56bright-PBCM,CD97,1977
CD56bright-PBCM,CDH5,7
CD56bright-PBCM,CDKN1A,1698
CD56bright-PBCM,CEACAM1,14
CD56bright-PBCM,CEBPB,2290
CD56bright-PBCM,CFB,7
CD56bright-PBCM,CFD,21
CD56bright-PBCM,CFH,7
CD56bright-PBCM,CFP,28
CD56bright-PBCM,CIITA,195
CD56bright-PBCM,CISH,49
CD56bright-PBCM,CLEC4A,216
CD56bright-PBCM,CLEC4E,181
CD56bright-PBCM,CLEC5A,1761
CD56bright-PBCM,CLU,7
CD56bright-PBCM,CMKLR1,84
CD56bright-PBCM,CR1,14
CD56bright-PBCM,CR2,7
CD56bright-PBCM,CRADD,90
CD56bright-PBCM,CSF1,640
CD56bright-PBCM,CSF1R,90
CD56bright-PBCM,CSF2,84
CD56bright-PBCM,CSF2RB,828
CD56bright-PBCM,CSF3R,7
CD56bright-PBCM,CTLA4,56
CD56bright-PBCM,CTSC,2116
CD56bright-PBCM,CUL9,320
CD56bright-PBCM,CX3CR1,202
CD56bright-PBCM,CXCL1,1288
CD56bright-PBCM,CXCL10,90
CD56bright-PBCM,CXCL11,42
CD56bright-PBCM,CXCL2,780
CD56bright-PBCM,CXCR1,14
CD56bright-PBCM,CXCR2,7
CD56bright-PBCM,CXCR3,689
CD56bright-PBCM,CXCR4,1489
CD56bright-PBCM,CXCR6,237
CD56bright-PBCM,CYBB,2039
CD56bright-PBCM,DEFB1,7
CD56bright-PBCM,DPP4,21
CD56bright-PBCM,EBI3,404
CD56bright-PBCM,ENTPD1,28
CD56bright-PBCM,ETS1,3202
CD56bright-PBCM,FADD,28
CD56bright-PBCM,FAS,21
CD56bright-PBCM,FCAR,557
CD56bright-PBCM,FCER1A,7
CD56bright-PBCM,FCER1G,2582
CD56bright-PBCM,FCGR1A,14
CD56bright-PBCM,FCGR2A,63
CD56bright-PBCM,FCGR2B,84
CD56bright-PBCM,FCGR2C,216
CD56bright-PBCM,FCGR3A,153
CD56bright-PBCM,FCGRT,383
CD56bright-PBCM,FKBP5,244
CD56bright-PBCM,FN1,167
CD56bright-PBCM,FOXP3,7
CD56bright-PBCM,FYN,1128
CD56bright-PBCM,GATA3,70
CD56bright-PBCM,GFI1,90
CD56bright-PBCM,GNLY,14386
CD56bright-PBCM,GZMA,870
CD56bright-PBCM,GZMB,884
CD56bright-PBCM,HAMP,118
CD56bright-PBCM,HFE,7
CD56bright-PBCM,HLA-C,6591
CD56bright-PBCM,HLA-DMB,814
CD56bright-PBCM,HLA-DOB,244
CD56bright-PBCM,HLA-DPA1,4051
CD56bright-PBCM,HLA-DPB1,2735
CD56bright-PBCM,HLA-DQA1,4559
CD56bright-PBCM,HLA-DQB1,766
CD56bright-PBCM,HLA-DRA,11950
CD56bright-PBCM,HLA-DRB1,8101
CD56bright-PBCM,HLA-DRB3,3215
CD56bright-PBCM,ICAM1,411
CD56bright-PBCM,ICAM2,258
CD56bright-PBCM,ICAM3,619
CD56bright-PBCM,ICAM4,70
CD56bright-PBCM,ICAM5,7
CD56bright-PBCM,ICOS,35
CD56bright-PBCM,ICOSLG,195
CD56bright-PBCM,IFI16,606
CD56bright-PBCM,IFI35,28
CD56bright-PBCM,IFIH1,188
CD56bright-PBCM,IFIT2,56
CD56bright-PBCM,IFITM1,3362
CD56bright-PBCM,IFNAR1,188
CD56bright-PBCM,IFNAR2,752
CD56bright-PBCM,IFNB1,7
CD56bright-PBCM,IFNG,63
CD56bright-PBCM,IFNGR1,327
CD56bright-PBCM,IGF2R,132
CD56bright-PBCM,IKBKB,146
CD56bright-PBCM,IKBKE,132
CD56bright-PBCM,IKBKG,313
CD56bright-PBCM,IKZF1,411
CD56bright-PBCM,IKZF2,640
CD56bright-PBCM,IKZF3,153
CD56bright-PBCM,IL10,21
CD56bright-PBCM,IL10RA,1288
CD56bright-PBCM,IL11RA,21
CD56bright-PBCM,IL12A,7
CD56bright-PBCM,IL12B,21
CD56bright-PBCM,IL12RB1,90
CD56bright-PBCM,IL13,7
CD56bright-PBCM,IL13RA1,689
CD56bright-PBCM,IL15,77
CD56bright-PBCM,IL16,1134
CD56bright-PBCM,IL17A,7
CD56bright-PBCM,IL17F,14
CD56bright-PBCM,IL18,125
CD56bright-PBCM,IL18R1,1462
CD56bright-PBCM,IL18RAP,1350
CD56bright-PBCM,IL1A,97
CD56bright-PBCM,IL1B,5770
CD56bright-PBCM,IL1R1,111
CD56bright-PBCM,IL1R2,494
CD56bright-PBCM,IL1RAP,56
CD56bright-PBCM,IL1RL1,14
CD56bright-PBCM,IL1RL2,14
CD56bright-PBCM,IL1RN,1601
CD56bright-PBCM,IL2,21
CD56bright-PBCM,IL20,35
CD56bright-PBCM,IL21,7
CD56bright-PBCM,IL21R,118
CD56bright-PBCM,IL22,7
CD56bright-PBCM,IL23A,28
CD56bright-PBCM,IL23R,56
CD56bright-PBCM,IL26,56
CD56bright-PBCM,IL28B,7
CD56bright-PBCM,IL29,7
CD56bright-PBCM,IL2RA,306
CD56bright-PBCM,IL2RB,1615
CD56bright-PBCM,IL2RG,3132
CD56bright-PBCM,IL3,42
CD56bright-PBCM,IL32,137326
CD56bright-PBCM,IL4,7
CD56bright-PBCM,IL4R,926
CD56bright-PBCM,IL5,7
CD56bright-PBCM,IL6,7
CD56bright-PBCM,IL6R,181
CD56bright-PBCM,IL6ST,348
CD56bright-PBCM,IL7R,5944
CD56bright-PBCM,IL8,48163
CD56bright-PBCM,IL9,21
CD56bright-PBCM,IRAK2,418
CD56bright-PBCM,IRAK3,174
CD56bright-PBCM,IRAK4,390
CD56bright-PBCM,IRF1,1350
CD56bright-PBCM,IRF3,877
CD56bright-PBCM,IRF4,626
CD56bright-PBCM,IRF5,56
CD56bright-PBCM,IRF7,397
CD56bright-PBCM,IRF8,181
CD56bright-PBCM,IRGM,35
CD56bright-PBCM,ITGA2B,21
CD56bright-PBCM,ITGA4,703
CD56bright-PBCM,ITGA5,981
CD56bright-PBCM,ITGA6,111
CD56bright-PBCM,ITGAL,1747
CD56bright-PBCM,ITGAM,731
CD56bright-PBCM,ITGAX,3132
CD56bright-PBCM,ITGB1,1524
CD56bright-PBCM,ITGB2,1893
CD56bright-PBCM,JAK1,2909
CD56bright-PBCM,JAK2,884
CD56bright-PBCM,JAK3,251
CD56bright-PBCM,KIR2DL1,7
CD56bright-PBCM,KIR2DL2,14
CD56bright-PBCM,KIR2DL3,49
CD56bright-PBCM,KIR2DL5A,14
CD56bright-PBCM,KIR2DS1,7
CD56bright-PBCM,KIR2DS2,28
CD56bright-PBCM,KIR2DS3,14
CD56bright-PBCM,KIR2DS4,21
CD56bright-PBCM,KIR2DS5,7
CD56bright-PBCM,KIR3DL1,647
CD56bright-PBCM,KIR3DL2,49
CD56bright-PBCM,KIR3DL3,7
CD56bright-PBCM,KIR3DS1,49
CD56bright-PBCM,KIT,501
CD56bright-PBCM,KLRB1,2137
CD56bright-PBCM,KLRC1,1155
CD56bright-PBCM,KLRD1,2721
CD56bright-PBCM,LAIR1,404
CD56bright-PBCM,LCK,703
CD56bright-PBCM,LCP2,1545
CD56bright-PBCM,LEF1,341
CD56bright-PBCM,LIF,7
CD56bright-PBCM,LILRA1,21
CD56bright-PBCM,LILRA2,70
CD56bright-PBCM,LILRA3,63
CD56bright-PBCM,LILRA5,28
CD56bright-PBCM,LILRA6,7
CD56bright-PBCM,LILRB1,56
CD56bright-PBCM,LILRB2,35
CD56bright-PBCM,LILRB3,77
CD56bright-PBCM,LILRB4,278
CD56bright-PBCM,LILRB5,7
CD56bright-PBCM,LITAF,849
CD56bright-PBCM,LTA,223
CD56bright-PBCM,LTB4R,118
CD56bright-PBCM,LTB4R2,42
CD56bright-PBCM,LTBR,271
CD56bright-PBCM,LY96,111
CD56bright-PBCM,MAF,49
CD56bright-PBCM,MAP4K1,271
CD56bright-PBCM,MAP4K2,230
CD56bright-PBCM,MAP4K4,397
CD56bright-PBCM,MAPK1,1134
CD56bright-PBCM,MAPK11,21
CD56bright-PBCM,MAPK14,425
CD56bright-PBCM,MAPKAPK2,334
CD56bright-PBCM,MBP,97
CD56bright-PBCM,MR1,104
CD56bright-PBCM,MS4A1,84
CD56bright-PBCM,MSR1,14
CD56bright-PBCM,MUC1,90
CD56bright-PBCM,MX1,223
CD56bright-PBCM,MYD88,522
CD56bright-PBCM,NCAM1,1239
CD56bright-PBCM,NCF4,132
CD56bright-PBCM,NCR1,1399
CD56bright-PBCM,NFATC1,77
CD56bright-PBCM,NFATC2,891
CD56bright-PBCM,NFATC3,766
CD56bright-PBCM,NFIL3,111
CD56bright-PBCM,NFKB1,856
CD56bright-PBCM,NFKBIA,3786
CD56bright-PBCM,NFKBIZ,376
CD56bright-PBCM,NOD2,97
CD56bright-PBCM,NOS2,7
CD56bright-PBCM,NOTCH1,557
CD56bright-PBCM,NOTCH2,682
CD56bright-PBCM,PAX5,21
CD56bright-PBCM,PDCD1,7
CD56bright-PBCM,PDCD1LG2,7
CD56bright-PBCM,PDGFB,56
CD56bright-PBCM,PDGFRB,7
CD56bright-PBCM,PLAU,188
CD56bright-PBCM,PLAUR,738
CD56bright-PBCM,PML,84
CD56bright-PBCM,POU2F2,251
CD56bright-PBCM,PPARG,35
CD56bright-PBCM,PPBP,258
CD56bright-PBCM,PRDM1,320
CD56bright-PBCM,PRF1,4976
CD56bright-PBCM,PRKCD,612
CD56bright-PBCM,PSMB10,543
CD56bright-PBCM,PSMB5,7
CD56bright-PBCM,PSMB9,1288
CD56bright-PBCM,PSMC2,710
CD56bright-PBCM,PSMD7,1155
CD56bright-PBCM,PTAFR,104
CD56bright-PBCM,PTGER4,195
CD56bright-PBCM,PTGS2,21
CD56bright-PBCM,PTK2,181
CD56bright-PBCM,PTPN2,647
CD56bright-PBCM,PTPN22,1065
CD56bright-PBCM,PTPN6,870
CD56bright-PBCM,PTPRC,4413
CD56bright-PBCM,RAG1,7
CD56bright-PBCM,RAG2,7
CD56bright-PBCM,RARRES3,438
CD56bright-PBCM,RORC,28
CD56bright-PBCM,RUNX1,264
CD56bright-PBCM,SELL,2018
CD56bright-PBCM,SELPLG,28
CD56bright-PBCM,SERPING1,49
CD56bright-PBCM,SH2D1A,550
CD56bright-PBCM,SIGIRR,585
CD56bright-PBCM,SKI,529
CD56bright-PBCM,SLAMF1,42
CD56bright-PBCM,SLAMF7,1956
CD56bright-PBCM,SMAD3,891
CD56bright-PBCM,SMAD5,390
CD56bright-PBCM,SOCS1,390
CD56bright-PBCM,SOCS3,146
CD56bright-PBCM,SPP1,320
CD56bright-PBCM,SRC,334
CD56bright-PBCM,STAT1,981
CD56bright-PBCM,STAT2,661
CD56bright-PBCM,STAT4,626
CD56bright-PBCM,STAT5A,425
CD56bright-PBCM,STAT5B,571
CD56bright-PBCM,SYK,550
CD56bright-PBCM,TAGAP,780
CD56bright-PBCM,TAL1,14
CD56bright-PBCM,TAP1,285
CD56bright-PBCM,TAP2,223
CD56bright-PBCM,TAPBP,2018
CD56bright-PBCM,TBK1,292
CD56bright-PBCM,TBX21,578
CD56bright-PBCM,TCF4,63
CD56bright-PBCM,TCF7,2387
CD56bright-PBCM,TFRC,557
CD56bright-PBCM,TGFB1,1650
CD56bright-PBCM,TGFBI,376
CD56bright-PBCM,TGFBR1,501
CD56bright-PBCM,TGFBR2,313
CD56bright-PBCM,TIGIT,118
CD56bright-PBCM,TIRAP,42
CD56bright-PBCM,TLR1,494
CD56bright-PBCM,TLR2,230
CD56bright-PBCM,TLR3,7
CD56bright-PBCM,TLR4,35
CD56bright-PBCM,TLR5,21
CD56bright-PBCM,TLR7,7
CD56bright-PBCM,TLR8,14
CD56bright-PBCM,TLR9,28
CD56bright-PBCM,TMEM173,97
CD56bright-PBCM,TNF,793
CD56bright-PBCM,TNFAIP3,2067
CD56bright-PBCM,TNFAIP6,28
CD56bright-PBCM,TNFRSF10C,56
CD56bright-PBCM,TNFRSF11A,251
CD56bright-PBCM,TNFRSF13B,7
CD56bright-PBCM,TNFRSF13C,14
CD56bright-PBCM,TNFRSF14,348
CD56bright-PBCM,TNFRSF17,21
CD56bright-PBCM,TNFRSF1B,633
CD56bright-PBCM,TNFRSF4,612
CD56bright-PBCM,TNFRSF8,63
CD56bright-PBCM,TNFRSF9,216
CD56bright-PBCM,TNFSF10,404
CD56bright-PBCM,TNFSF11,84
CD56bright-PBCM,TNFSF12,202
CD56bright-PBCM,TNFSF13B,132
CD56bright-PBCM,TNFSF15,174
CD56bright-PBCM,TNFSF8,7
CD56bright-PBCM,TOLLIP,362
CD56bright-PBCM,TRAF1,2172
CD56bright-PBCM,TRAF4,167
CD56bright-PBCM,TRAF5,508
CD56bright-PBCM,TYK2,355
CD56bright-PBCM,VCAM1,21
CD56bright-PBCM,VTN,21
CD56bright-PBCM,XBP1,425
CD56bright-PBCM,XCL1,230
CD56bright-PBCM,XCR1,21
CD56bright-PBCM,ZAP70,800
CD56bright-PBMC,ABCB1,313
CD56bright-PBMC,ABL1,104
CD56bright-PBMC,ADA,406
CD56bright-PBMC,AHR,1959
CD56bright-PBMC,AIRE,63
CD56bright-PBMC,APP,240
CD56bright-PBMC,ARHGDIB,1365
CD56bright-PBMC,ATG16L1,177
CD56bright-PBMC,ATM,21
CD56bright-PBMC,BATF,73
CD56bright-PBMC,BATF3,10
CD56bright-PBMC,BCL2,146
CD56bright-PBMC,BCL3,719
CD56bright-PBMC,BCL6,906
CD56bright-PBMC,BID,83
CD56bright-PBMC,BLNK,10
CD56bright-PBMC,BST1,31
CD56bright-PBMC,BST2,1584
CD56bright-PBMC,BTK,104
CD56bright-PBMC,C1QA,31
CD56bright-PBMC,C1QB,10
CD56bright-PBMC,C1QBP,552
CD56bright-PBMC,C1R,10
CD56bright-PBMC,C1S,31
CD56bright-PBMC,C2,31
CD56bright-PBMC,C3,292
CD56bright-PBMC,C4A,10
CD56bright-PBMC,C4B,21
CD56bright-PBMC,C5,10
CD56bright-PBMC,C7,63
CD56bright-PBMC,C8G,21
CD56bright-PBMC,C9,83
CD56bright-PBMC,CAMP,31
CD56bright-PBMC,CARD9,42
CD56bright-PBMC,CASP1,385
CD56bright-PBMC,CASP10,52
CD56bright-PBMC,CASP2,271
CD56bright-PBMC,CASP3,573
CD56bright-PBMC,CASP8,1209
CD56bright-PBMC,CCBP2,10
CD56bright-PBMC,CCL13,10
CD56bright-PBMC,CCL16,10
CD56bright-PBMC,CCL18,10
CD56bright-PBMC,CCL19,208
CD56bright-PBMC,CCL2,719
CD56bright-PBMC,CCL20,1229
CD56bright-PBMC,CCL22,16857
CD56bright-PBMC,CCL23,10
CD56bright-PBMC,CCL24,7147
CD56bright-PBMC,CCL26,21
CD56bright-PBMC,CCL3,9752
CD56bright-PBMC,CCL4,5834
CD56bright-PBMC,CCL5,896
CD56bright-PBMC,CCL7,63
CD56bright-PBMC,CCL8,21
CD56bright-PBMC,CCR10,10
CD56bright-PBMC,CCR5,198
CD56bright-PBMC,CCR6,52
CD56bright-PBMC,CCR7,1188
CD56bright-PBMC,CCR8,10
CD56bright-PBMC,CCRL2,156
CD56bright-PBMC,CD14,219
CD56bright-PBMC,CD19,31
CD56bright-PBMC,CD209,21
CD56bright-PBMC,CD22,104
CD56bright-PBMC,CD24,31
CD56bright-PBMC,CD244,427
CD56bright-PBMC,CD247,750
CD56bright-PBMC,CD27,31
CD56bright-PBMC,CD274,417
CD56bright-PBMC,CD28,42
CD56bright-PBMC,CD36,1261
CD56bright-PBMC,CD3D,94
CD56bright-PBMC,CD3E,448
CD56bright-PBMC,CD3EAP,21
CD56bright-PBMC,CD4,21
CD56bright-PBMC,CD40,281
CD56bright-PBMC,CD40LG,10
CD56bright-PBMC,CD44,1657
CD56bright-PBMC,CD46,750
CD56bright-PBMC,CD5,229
CD56bright-PBMC,CD53,1344
CD56bright-PBMC,CD55,94
CD56bright-PBMC,CD58,1042
CD56bright-PBMC,CD59,636
CD56bright-PBMC,CD6,73
CD56bright-PBMC,CD7,365
CD56bright-PBMC,CD74,17482
CD56bright-PBMC,CD79A,31
CD56bright-PBMC,CD80,240
CD56bright-PBMC,CD81,761
CD56bright-PBMC,CD82,854
CD56bright-PBMC,CD83,4574
CD56bright-PBMC,CD86,52
CD56bright-PBMC,CD8A,52
CD56bright-PBMC,CD8B,21
CD56bright-PBMC,CD9,677
CD56bright-PBMC,CD96,1261
CD56bright-PBMC,CD97,4042
CD56bright-PBMC,CDH5,10
CD56bright-PBMC,CDKN1A,2563
CD56bright-PBMC,CEACAM1,10
CD56bright-PBMC,CEBPB,2177
CD56bright-PBMC,CFB,10
CD56bright-PBMC,CFD,10
CD56bright-PBMC,CFH,52
CD56bright-PBMC,CFP,31
CD56bright-PBMC,CIITA,208
CD56bright-PBMC,CISH,73
CD56bright-PBMC,CLEC4A,229
CD56bright-PBMC,CLEC4E,146
CD56bright-PBMC,CLEC5A,1136
CD56bright-PBMC,CLU,31
CD56bright-PBMC,CMKLR1,94
CD56bright-PBMC,CR1,21
CD56bright-PBMC,CR2,42
CD56bright-PBMC,CRADD,63
CD56bright-PBMC,CSF1,2063
CD56bright-PBMC,CSF1R,21
CD56bright-PBMC,CSF2,1084
CD56bright-PBMC,CSF2RB,927
CD56bright-PBMC,CSF3R,10
CD56bright-PBMC,CTLA4,83
CD56bright-PBMC,CTSC,1563
CD56bright-PBMC,CUL9,250
CD56bright-PBMC,CX3CR1,94
CD56bright-PBMC,CXCL1,9314
CD56bright-PBMC,CXCL10,198
CD56bright-PBMC,CXCL11,177
CD56bright-PBMC,CXCL2,7647
CD56bright-PBMC,CXCR1,10
CD56bright-PBMC,CXCR2,10
CD56bright-PBMC,CXCR3,521
CD56bright-PBMC,CXCR4,948
CD56bright-PBMC,CXCR6,104
CD56bright-PBMC,CYBB,1615
CD56bright-PBMC,DEFB1,10
CD56bright-PBMC,DPP4,21
CD56bright-PBMC,EBI3,219
CD56bright-PBMC,ENTPD1,10
CD56bright-PBMC,ETS1,2344
CD56bright-PBMC,FADD,10
CD56bright-PBMC,FAS,31
CD56bright-PBMC,FCAR,563
CD56bright-PBMC,FCER1A,42
CD56bright-PBMC,FCER1G,2500
CD56bright-PBMC,FCGR1A,10
CD56bright-PBMC,FCGR2A,250
CD56bright-PBMC,FCGR2B,21
CD56bright-PBMC,FCGR2C,458
CD56bright-PBMC,FCGR3A,146
CD56bright-PBMC,FCGRT,240
CD56bright-PBMC,FKBP5,208
CD56bright-PBMC,FN1,10
CD56bright-PBMC,FOXP3,10
CD56bright-PBMC,FYN,1136
CD56bright-PBMC,GATA3,42
CD56bright-PBMC,GFI1,73
CD56bright-PBMC,GNLY,10096
CD56bright-PBMC,GZMA,344
CD56bright-PBMC,GZMB,1125
CD56bright-PBMC,HAMP,63
CD56bright-PBMC,HFE,10
CD56bright-PBMC,HLA-C,6762
CD56bright-PBMC,HLA-DMB,802
CD56bright-PBMC,HLA-DOB,313
CD56bright-PBMC,HLA-DPA1,6366
CD56bright-PBMC,HLA-DPB1,2792
CD56bright-PBMC,HLA-DQA1,1365
CD56bright-PBMC,HLA-DQB1,198
CD56bright-PBMC,HLA-DRA,11190
CD56bright-PBMC,HLA-DRB1,7772
CD56bright-PBMC,HLA-DRB3,3824
CD56bright-PBMC,ICAM1,636
CD56bright-PBMC,ICAM2,156
CD56bright-PBMC,ICAM3,542
CD56bright-PBMC,ICAM4,73
CD56bright-PBMC,ICAM5,31
CD56bright-PBMC,ICOS,63
CD56bright-PBMC,ICOSLG,229
CD56bright-PBMC,IFI16,417
CD56bright-PBMC,IFI35,146
CD56bright-PBMC,IFIH1,448
CD56bright-PBMC,IFIT2,83
CD56bright-PBMC,IFITM1,2136
CD56bright-PBMC,IFNAR1,135
CD56bright-PBMC,IFNAR2,511
CD56bright-PBMC,IFNB1,10
CD56bright-PBMC,IFNG,1052
CD56bright-PBMC,IFNGR1,250
CD56bright-PBMC,IGF2R,167
CD56bright-PBMC,IKBKB,83
CD56bright-PBMC,IKBKE,229
CD56bright-PBMC,IKBKG,260
CD56bright-PBMC,IKZF1,250
CD56bright-PBMC,IKZF2,354
CD56bright-PBMC,IKZF3,198
CD56bright-PBMC,IL10,31
CD56bright-PBMC,IL10RA,1219
CD56bright-PBMC,IL11RA,73
CD56bright-PBMC,IL12A,63
CD56bright-PBMC,IL12B,83
CD56bright-PBMC,IL12RB1,177
CD56bright-PBMC,IL13,42
CD56bright-PBMC,IL13RA1,302
CD56bright-PBMC,IL15,52
CD56bright-PBMC,IL16,761
CD56bright-PBMC,IL17A,21
CD56bright-PBMC,IL17F,10
CD56bright-PBMC,IL18,52
CD56bright-PBMC,IL18R1,531
CD56bright-PBMC,IL18RAP,1063
CD56bright-PBMC,IL1A,1292
CD56bright-PBMC,IL1B,20327
CD56bright-PBMC,IL1R1,104
CD56bright-PBMC,IL1R2,135
CD56bright-PBMC,IL1RAP,156
CD56bright-PBMC,IL1RL1,10
CD56bright-PBMC,IL1RL2,10
CD56bright-PBMC,IL1RN,5230
CD56bright-PBMC,IL2,21
CD56bright-PBMC,IL20,83
CD56bright-PBMC,IL21,10
CD56bright-PBMC,IL21R,146
CD56bright-PBMC,IL22,10
CD56bright-PBMC,IL23A,115
CD56bright-PBMC,IL23R,125
CD56bright-PBMC,IL26,125
CD56bright-PBMC,IL28B,21
CD56bright-PBMC,IL29,21
CD56bright-PBMC,IL2RA,479
CD56bright-PBMC,IL2RB,1177
CD56bright-PBMC,IL2RG,2813
CD56bright-PBMC,IL3,21
CD56bright-PBMC,IL32,132836
CD56bright-PBMC,IL4,10
CD56bright-PBMC,IL4R,938
CD56bright-PBMC,IL5,10
CD56bright-PBMC,IL6,886
CD56bright-PBMC,IL6R,344
CD56bright-PBMC,IL6ST,250
CD56bright-PBMC,IL7R,1625
CD56bright-PBMC,IL8,129617
CD56bright-PBMC,IL9,21
CD56bright-PBMC,IRAK2,406
CD56bright-PBMC,IRAK3,250
CD56bright-PBMC,IRAK4,292
CD56bright-PBMC,IRF1,2000
CD56bright-PBMC,IRF3,604
CD56bright-PBMC,IRF4,469
CD56bright-PBMC,IRF5,42
CD56bright-PBMC,IRF7,979
CD56bright-PBMC,IRF8,365
CD56bright-PBMC,IRGM,42
CD56bright-PBMC,ITGA2B,21
CD56bright-PBMC,ITGA4,438
CD56bright-PBMC,ITGA5,1073
CD56bright-PBMC,ITGA6,73
CD56bright-PBMC,ITGAL,1177
CD56bright-PBMC,ITGAM,1604
CD56bright-PBMC,ITGAX,3990
CD56bright-PBMC,ITGB1,1115
CD56bright-PBMC,ITGB2,2490
CD56bright-PBMC,JAK1,2209
CD56bright-PBMC,JAK2,1073
CD56bright-PBMC,JAK3,365
CD56bright-PBMC,KIR2DL1,10
CD56bright-PBMC,KIR2DL2,10
CD56bright-PBMC,KIR2DL3,52
CD56bright-PBMC,KIR2DL5A,10
CD56bright-PBMC,KIR2DS1,31
CD56bright-PBMC,KIR2DS2,10
CD56bright-PBMC,KIR2DS3,10
CD56bright-PBMC,KIR2DS4,31
CD56bright-PBMC,KIR2DS5,63
CD56bright-PBMC,KIR3DL1,188
CD56bright-PBMC,KIR3DL2,10
CD56bright-PBMC,KIR3DL3,10
CD56bright-PBMC,KIR3DS1,42
CD56bright-PBMC,KIT,302
CD56bright-PBMC,KLRB1,1636
CD56bright-PBMC,KLRC1,969
CD56bright-PBMC,KLRD1,1865
CD56bright-PBMC,LAIR1,250
CD56bright-PBMC,LCK,385
CD56bright-PBMC,LCP2,1313
CD56bright-PBMC,LEF1,292
CD56bright-PBMC,LIF,73
CD56bright-PBMC,LILRA1,10
CD56bright-PBMC,LILRA2,104
CD56bright-PBMC,LILRA3,104
CD56bright-PBMC,LILRA5,31
CD56bright-PBMC,LILRA6,21
CD56bright-PBMC,LILRB1,94
CD56bright-PBMC,LILRB2,52
CD56bright-PBMC,LILRB3,156
CD56bright-PBMC,LILRB4,302
CD56bright-PBMC,LILRB5,10
CD56bright-PBMC,LITAF,656
CD56bright-PBMC,LTA,396
CD56bright-PBMC,LTB4R,42
CD56bright-PBMC,LTB4R2,42
CD56bright-PBMC,LTBR,240
CD56bright-PBMC,LY96,135
CD56bright-PBMC,MAF,83
CD56bright-PBMC,MAP4K1,156
CD56bright-PBMC,MAP4K2,83
CD56bright-PBMC,MAP4K4,271
CD56bright-PBMC,MAPK1,844
CD56bright-PBMC,MAPK11,52
CD56bright-PBMC,MAPK14,417
CD56bright-PBMC,MAPKAPK2,511
CD56bright-PBMC,MBP,63
CD56bright-PBMC,MR1,21
CD56bright-PBMC,MS4A1,63
CD56bright-PBMC,MSR1,167
CD56bright-PBMC,MUC1,21
CD56bright-PBMC,MX1,344
CD56bright-PBMC,MYD88,521
CD56bright-PBMC,NCAM1,1104
CD56bright-PBMC,NCF4,198
CD56bright-PBMC,NCR1,844
CD56bright-PBMC,NFATC1,63
CD56bright-PBMC,NFATC2,667
CD56bright-PBMC,NFATC3,563
CD56bright-PBMC,NFIL3,83
CD56bright-PBMC,NFKB1,979
CD56bright-PBMC,NFKBIA,5814
CD56bright-PBMC,NFKBIZ,844
CD56bright-PBMC,NOD2,125
CD56bright-PBMC,NOS2,10
CD56bright-PBMC,NOTCH1,604
CD56bright-PBMC,NOTCH2,656
CD56bright-PBMC,PAX5,10
CD56bright-PBMC,PDCD1,10
CD56bright-PBMC,PDCD1LG2,31
CD56bright-PBMC,PDGFB,42
CD56bright-PBMC,PDGFRB,63
CD56bright-PBMC,PLAU,271
CD56bright-PBMC,PLAUR,1532
CD56bright-PBMC,PML,73
CD56bright-PBMC,POU2F2,271
CD56bright-PBMC,PPARG,21
CD56bright-PBMC,PPBP,917
CD56bright-PBMC,PRDM1,427
CD56bright-PBMC,PRF1,2615
CD56bright-PBMC,PRKCD,729
CD56bright-PBMC,PSMB10,656
CD56bright-PBMC,PSMB5,10
CD56bright-PBMC,PSMB9,1375
CD56bright-PBMC,PSMC2,625
CD56bright-PBMC,PSMD7,979
CD56bright-PBMC,PTAFR,73
CD56bright-PBMC,PTGER4,240
CD56bright-PBMC,PTGS2,656
CD56bright-PBMC,PTK2,354
CD56bright-PBMC,PTPN2,344
CD56bright-PBMC,PTPN22,802
CD56bright-PBMC,PTPN6,875
CD56bright-PBMC,PTPRC,2500
CD56bright-PBMC,RAG1,10
CD56bright-PBMC,RAG2,10
CD56bright-PBMC,RARRES3,333
CD56bright-PBMC,RORC,10
CD56bright-PBMC,RUNX1,396
CD56bright-PBMC,SELL,1479
CD56bright-PBMC,SELPLG,31
CD56bright-PBMC,SERPING1,94
CD56bright-PBMC,SH2D1A,427
CD56bright-PBMC,SIGIRR,761
CD56bright-PBMC,SKI,594
CD56bright-PBMC,SLAMF1,42
CD56bright-PBMC,SLAMF7,2146
CD56bright-PBMC,SMAD3,625
CD56bright-PBMC,SMAD5,198
CD56bright-PBMC,SOCS1,1302
CD56bright-PBMC,SOCS3,698
CD56bright-PBMC,SPP1,511
CD56bright-PBMC,SRC,385
CD56bright-PBMC,STAT1,2553
CD56bright-PBMC,STAT2,646
CD56bright-PBMC,STAT4,427
CD56bright-PBMC,STAT5A,636
CD56bright-PBMC,STAT5B,563
CD56bright-PBMC,SYK,354
CD56bright-PBMC,TAGAP,2511
CD56bright-PBMC,TAL1,10
CD56bright-PBMC,TAP1,385
CD56bright-PBMC,TAP2,229
CD56bright-PBMC,TAPBP,2209
CD56bright-PBMC,TBK1,313
CD56bright-PBMC,TBX21,667
CD56bright-PBMC,TCF4,31
CD56bright-PBMC,TCF7,1396
CD56bright-PBMC,TFRC,1052
CD56bright-PBMC,TGFB1,2886
CD56bright-PBMC,TGFBI,292
CD56bright-PBMC,TGFBR1,375
CD56bright-PBMC,TGFBR2,313
CD56bright-PBMC,TIGIT,52
CD56bright-PBMC,TIRAP,42
CD56bright-PBMC,TLR1,573
CD56bright-PBMC,TLR2,511
CD56bright-PBMC,TLR3,42
CD56bright-PBMC,TLR4,31
CD56bright-PBMC,TLR5,21
CD56bright-PBMC,TLR7,10
CD56bright-PBMC,TLR8,21
CD56bright-PBMC,TLR9,63
CD56bright-PBMC,TMEM173,146
CD56bright-PBMC,TNF,2157
CD56bright-PBMC,TNFAIP3,3073
CD56bright-PBMC,TNFAIP6,83
CD56bright-PBMC,TNFRSF10C,10
CD56bright-PBMC,TNFRSF11A,260
CD56bright-PBMC,TNFRSF13B,10
CD56bright-PBMC,TNFRSF13C,31
CD56bright-PBMC,TNFRSF14,396
CD56bright-PBMC,TNFRSF17,21
CD56bright-PBMC,TNFRSF1B,677
CD56bright-PBMC,TNFRSF4,636
CD56bright-PBMC,TNFRSF8,10
CD56bright-PBMC,TNFRSF9,240
CD56bright-PBMC,TNFSF10,781
CD56bright-PBMC,TNFSF11,63
CD56bright-PBMC,TNFSF12,198
CD56bright-PBMC,TNFSF13B,52
CD56bright-PBMC,TNFSF15,375
CD56bright-PBMC,TNFSF8,21
CD56bright-PBMC,TOLLIP,448
CD56bright-PBMC,TRAF1,3011
CD56bright-PBMC,TRAF4,521
CD56bright-PBMC,TRAF5,333
CD56bright-PBMC,TYK2,354
CD56bright-PBMC,VCAM1,52
CD56bright-PBMC,VTN,42
CD56bright-PBMC,XBP1,427
CD56bright-PBMC,XCL1,375
CD56bright-PBMC,XCR1,10
CD56bright-PBMC,ZAP70,886
CD56dim-liver,ABCB1,1196
CD56dim-liver,ABL1,181
CD56dim-liver,ADA,388
CD56dim-liver,AHR,153
CD56dim-liver,AIRE,16
CD56dim-liver,APP,54
CD56dim-liver,ARHGDIB,3696
CD56dim-liver,ATG16L1,251
CD56dim-liver,ATM,6
CD56dim-liver,BATF,153
CD56dim-liver,BATF3,6
CD56dim-liver,BCL2,353
CD56dim-liver,BCL3,455
CD56dim-liver,BCL6,967
CD56dim-liver,BID,83
CD56dim-liver,BLNK,13
CD56dim-liver,BST1,3
CD56dim-liver,BST2,814
CD56dim-liver,BTK,29
CD56dim-liver,C1QA,6
CD56dim-liver,C1QB,25
CD56dim-liver,C1QBP,248
CD56dim-liver,C1R,38
CD56dim-liver,C1S,6
CD56dim-liver,C2,25
CD56dim-liver,C3,3
CD56dim-liver,C4A,29
CD56dim-liver,C4B,25
CD56dim-liver,C5,22
CD56dim-liver,C7,25
CD56dim-liver,C8G,19
CD56dim-liver,C9,10
CD56dim-liver,CAMP,3
CD56dim-liver,CARD9,10
CD56dim-liver,CASP1,468
CD56dim-liver,CASP10,35
CD56dim-liver,CASP2,452
CD56dim-liver,CASP3,219
CD56dim-liver,CASP8,1460
CD56dim-liver,CCBP2,13
CD56dim-liver,CCL13,25
CD56dim-liver,CCL16,3
CD56dim-liver,CCL18,13
CD56dim-liver,CCL19,10
CD56dim-liver,CCL2,3
CD56dim-liver,CCL20,3
CD56dim-liver,CCL22,10
CD56dim-liver,CCL23,3
CD56dim-liver,CCL24,267
CD56dim-liver,CCL26,10
CD56dim-liver,CCL3,1937
CD56dim-liver,CCL4,17853
CD56dim-liver,CCL5,10156
CD56dim-liver,CCL7,6
CD56dim-liver,CCL8,13
CD56dim-liver,CCR10,3
CD56dim-liver,CCR5,35
CD56dim-liver,CCR6,25
CD56dim-liver,CCR7,10
CD56dim-liver,CCR8,6
CD56dim-liver,CCRL2,3
CD56dim-liver,CD14,19
CD56dim-liver,CD19,3
CD56dim-liver,CD209,10
CD56dim-liver,CD22,13
CD56dim-liver,CD24,13
CD56dim-liver,CD244,1447
CD56dim-liver,CD247,5926
CD56dim-liver,CD27,25
CD56dim-liver,CD274,67
CD56dim-liver,CD28,6
CD56dim-liver,CD36,29
CD56dim-liver,CD3D,70
CD56dim-liver,CD3E,808
CD56dim-liver,CD3EAP,13
CD56dim-liver,CD4,3
CD56dim-liver,CD40,60
CD56dim-liver,CD40LG,10
CD56dim-liver,CD44,674
CD56dim-liver,CD46,1040
CD56dim-liver,CD5,22
CD56dim-liver,CD53,1136
CD56dim-liver,CD55,38
CD56dim-liver,CD58,614
CD56dim-liver,CD59,455
CD56dim-liver,CD6,423
CD56dim-liver,CD7,1587
CD56dim-liver,CD74,5131
CD56dim-liver,CD79A,3
CD56dim-liver,CD80,16
CD56dim-liver,CD81,2204
CD56dim-liver,CD82,210
CD56dim-liver,CD83,305
CD56dim-liver,CD86,25
CD56dim-liver,CD8A,585
CD56dim-liver,CD8B,10
CD56dim-liver,CD9,19
CD56dim-liver,CD96,2471
CD56dim-liver,CD97,3846
CD56dim-liver,CDH5,6
CD56dim-liver,CDKN1A,80
CD56dim-liver,CEACAM1,3
CD56dim-liver,CEBPB,289
CD56dim-liver,CFB,16
CD56dim-liver,CFD,3
CD56dim-liver,CFH,19
CD56dim-liver,CFP,3
CD56dim-liver,CIITA,19
CD56dim-liver,CISH,29
CD56dim-liver,CLEC4A,35
CD56dim-liver,CLEC4E,3
CD56dim-liver,CLEC5A,32
CD56dim-liver,CLU,3
CD56dim-liver,CMKLR1,970
CD56dim-liver,CR1,3
CD56dim-liver,CR2,10
CD56dim-liver,CRADD,184
CD56dim-liver,CSF1,41
CD56dim-liver,CSF1R,6
CD56dim-liver,CSF2,29
CD56dim-liver,CSF2RB,45
CD56dim-liver,CSF3R,10
CD56dim-liver,CTLA4,29
CD56dim-liver,CTSC,1978
CD56dim-liver,CUL9,515
CD56dim-liver,CX3CR1,3060
CD56dim-liver,CXCL1,25
CD56dim-liver,CXCL10,19
CD56dim-liver,CXCL11,6
CD56dim-liver,CXCL2,13
CD56dim-liver,CXCR1,22
CD56dim-liver,CXCR2,277
CD56dim-liver,CXCR3,232
CD56dim-liver,CXCR4,4421
CD56dim-liver,CXCR6,169
CD56dim-liver,CYBB,80
CD56dim-liver,DEFB1,3
CD56dim-liver,DPP4,3
CD56dim-liver,EBI3,22
CD56dim-liver,ENTPD1,6
CD56dim-liver,ETS1,6470
CD56dim-liver,FADD,25
CD56dim-liver,FAS,60
CD56dim-liver,FCAR,13
CD56dim-liver,FCER1A,3
CD56dim-liver,FCER1G,2933
CD56dim-liver,FCGR1A,6
CD56dim-liver,FCGR2A,16
CD56dim-liver,FCGR2B,51
CD56dim-liver,FCGR2C,684
CD56dim-liver,FCGR3A,4618
CD56dim-liver,FCGRT,80
CD56dim-liver,FKBP5,210
CD56dim-liver,FN1,3
CD56dim-liver,FOXP3,13
CD56dim-liver,FYN,3690
CD56dim-liver,GATA3,51
CD56dim-liver,GFI1,560
CD56dim-liver,GNLY,17090
CD56dim-liver,GZMA,4466
CD56dim-liver,GZMB,7732
CD56dim-liver,HAMP,3
CD56dim-liver,HFE,13
CD56dim-liver,HLA-C,22430
CD56dim-liver,HLA-DMB,111
CD56dim-liver,HLA-DOB,197
CD56dim-liver,HLA-DPA1,887
CD56dim-liver,HLA-DPB1,922
CD56dim-liver,HLA-DQA1,41
CD56dim-liver,HLA-DQB1,6
CD56dim-liver,HLA-DRA,331
CD56dim-liver,HLA-DRB1,483
CD56dim-liver,HLA-DRB3,232
CD56dim-liver,ICAM1,99
CD56dim-liver,ICAM2,792
CD56dim-liver,ICAM3,738
CD56dim-liver,ICAM4,16
CD56dim-liver,ICAM5,10
CD56dim-liver,ICOS,32
CD56dim-liver,ICOSLG,19
CD56dim-liver,IFI16,1574
CD56dim-liver,IFI35,89
CD56dim-liver,IFIH1,140
CD56dim-liver,IFIT2,60
CD56dim-liver,IFITM1,3321
CD56dim-liver,IFNAR1,165
CD56dim-liver,IFNAR2,1027
CD56dim-liver,IFNB1,13
CD56dim-liver,IFNG,86
CD56dim-liver,IFNGR1,366
CD56dim-liver,IGF2R,340
CD56dim-liver,IKBKB,204
CD56dim-liver,IKBKE,210
CD56dim-liver,IKBKG,461
CD56dim-liver,IKZF1,566
CD56dim-liver,IKZF2,1062
CD56dim-liver,IKZF3,1190
CD56dim-liver,IL10,3
CD56dim-liver,IL10RA,1479
CD56dim-liver,IL11RA,175
CD56dim-liver,IL12A,25
CD56dim-liver,IL12B,3
CD56dim-liver,IL12RB1,461
CD56dim-liver,IL13,10
CD56dim-liver,IL13RA1,10
CD56dim-liver,IL15,16
CD56dim-liver,IL16,1858
CD56dim-liver,IL17A,6
CD56dim-liver,IL17F,3
CD56dim-liver,IL18,54
CD56dim-liver,IL18R1,468
CD56dim-liver,IL18RAP,919
CD56dim-liver,IL1A,3
CD56dim-liver,IL1B,41
CD56dim-liver,IL1R1,3
CD56dim-liver,IL1R2,6
CD56dim-liver,IL1RAP,51
CD56dim-liver,IL1RL1,6
CD56dim-liver,IL1RL2,3
CD56dim-liver,IL1RN,426
CD56dim-liver,IL2,6
CD56dim-liver,IL20,10
CD56dim-liver,IL21,3
CD56dim-liver,IL21R,99
CD56dim-liver,IL22,3
CD56dim-liver,IL23A,10
CD56dim-liver,IL23R,13
CD56dim-liver,IL26,73
CD56dim-liver,IL28B,3
CD56dim-liver,IL29,13
CD56dim-liver,IL2RA,51
CD56dim-liver,IL2RB,3709
CD56dim-liver,IL2RG,5073
CD56dim-liver,IL3,16
CD56dim-liver,IL32,28792
CD56dim-liver,IL4,3
CD56dim-liver,IL4R,623
CD56dim-liver,IL5,3
CD56dim-liver,IL6,10
CD56dim-liver,IL6R,29
CD56dim-liver,IL6ST,207
CD56dim-liver,IL7R,111
CD56dim-liver,IL8,627
CD56dim-liver,IL9,10
CD56dim-liver,IRAK2,159
CD56dim-liver,IRAK3,16
CD56dim-liver,IRAK4,455
CD56dim-liver,IRF1,1339
CD56dim-liver,IRF3,1295
CD56dim-liver,IRF4,305
CD56dim-liver,IRF5,16
CD56dim-liver,IRF7,433
CD56dim-liver,IRF8,143
CD56dim-liver,IRGM,41
CD56dim-liver,ITGA2B,3
CD56dim-liver,ITGA4,569
CD56dim-liver,ITGA5,732
CD56dim-liver,ITGA6,51
CD56dim-liver,ITGAL,2360
CD56dim-liver,ITGAM,929
CD56dim-liver,ITGAX,522
CD56dim-liver,ITGB1,1775
CD56dim-liver,ITGB2,2382
CD56dim-liver,JAK1,3763
CD56dim-liver,JAK2,754
CD56dim-liver,JAK3,604
CD56dim-liver,KIR2DL1,64
CD56dim-liver,KIR2DL2,86
CD56dim-liver,KIR2DL3,900
CD56dim-liver,KIR2DL5A,347
CD56dim-liver,KIR2DS1,35
CD56dim-liver,KIR2DS2,111
CD56dim-liver,KIR2DS3,41
CD56dim-liver,KIR2DS4,118
CD56dim-liver,KIR2DS5,3
CD56dim-liver,KIR3DL1,1107
CD56dim-liver,KIR3DL2,528
CD56dim-liver,KIR3DL3,6
CD56dim-liver,KIR3DS1,200
CD56dim-liver,KIT,41
CD56dim-liver,KLRB1,11304
CD56dim-liver,KLRC1,649
CD56dim-liver,KLRD1,5105
CD56dim-liver,LAIR1,324
CD56dim-liver,LCK,1753
CD56dim-liver,LCP2,1991
CD56dim-liver,LEF1,32
CD56dim-liver,LIF,13
CD56dim-liver,LILRA1,6
CD56dim-liver,LILRA2,19
CD56dim-liver,LILRA3,369
CD56dim-liver,LILRA5,6
CD56dim-liver,LILRA6,13
CD56dim-liver,LILRB1,366
CD56dim-liver,LILRB2,10
CD56dim-liver,LILRB3,6
CD56dim-liver,LILRB4,19
CD56dim-liver,LILRB5,3
CD56dim-liver,LITAF,2440
CD56dim-liver,LTA,64
CD56dim-liver,LTB4R,169
CD56dim-liver,LTB4R2,105
CD56dim-liver,LTBR,22
CD56dim-liver,LY96,10
CD56dim-liver,MAF,270
CD56dim-liver,MAP4K1,334
CD56dim-liver,MAP4K2,312
CD56dim-liver,MAP4K4,210
CD56dim-liver,MAPK1,1349
CD56dim-liver,MAPK11,13
CD56dim-liver,MAPK14,643
CD56dim-liver,MAPKAPK2,767
CD56dim-liver,MBP,213
CD56dim-liver,MR1,137
CD56dim-liver,MS4A1,16
CD56dim-liver,MSR1,64
CD56dim-liver,MUC1,22
CD56dim-liver,MX1,232
CD56dim-liver,MYD88,684
CD56dim-liver,NCAM1,289
CD56dim-liver,NCF4,16
CD56dim-liver,NCR1,2211
CD56dim-liver,NFATC1,80
CD56dim-liver,NFATC2,2258
CD56dim-liver,NFATC3,1629
CD56dim-liver,NFIL3,127
CD56dim-liver,NFKB1,398
CD56dim-liver,NFKBIA,3200
CD56dim-liver,NFKBIZ,286
CD56dim-liver,NOD2,54
CD56dim-liver,NOS2,13
CD56dim-liver,NOTCH1,359
CD56dim-liver,NOTCH2,534
CD56dim-liver,PAX5,10
CD56dim-liver,PDCD1,6
CD56dim-liver,PDCD1LG2,3
CD56dim-liver,PDGFB,3
CD56dim-liver,PDGFRB,172
CD56dim-liver,PLAU,6
CD56dim-liver,PLAUR,45
CD56dim-liver,PML,127
CD56dim-liver,POU2F2,286
CD56dim-liver,PPARG,6
CD56dim-liver,PPBP,57
CD56dim-liver,PRDM1,856
CD56dim-liver,PRF1,15964
CD56dim-liver,PRKCD,197
CD56dim-liver,PSMB10,1008
CD56dim-liver,PSMB5,19
CD56dim-liver,PSMB9,1842
CD56dim-liver,PSMC2,503
CD56dim-liver,PSMD7,754
CD56dim-liver,PTAFR,13
CD56dim-liver,PTGER4,741
CD56dim-liver,PTGS2,3
CD56dim-liver,PTK2,45
CD56dim-liver,PTPN2,627
CD56dim-liver,PTPN22,1578
CD56dim-liver,PTPN6,852
CD56dim-liver,PTPRC,7961
CD56dim-liver,RAG1,10
CD56dim-liver,RAG2,16
CD56dim-liver,RARRES3,1320
CD56dim-liver,RORC,10
CD56dim-liver,RUNX1,309
CD56dim-liver,SELL,226
CD56dim-liver,SELPLG,105
CD56dim-liver,SERPING1,16
CD56dim-liver,SH2D1A,1085
CD56dim-liver,SIGIRR,1161
CD56dim-liver,SKI,401
CD56dim-liver,SLAMF1,6
CD56dim-liver,SLAMF7,2949
CD56dim-liver,SMAD3,1202
CD56dim-liver,SMAD5,254
CD56dim-liver,SOCS1,57
CD56dim-liver,SOCS3,6
CD56dim-liver,SPP1,64
CD56dim-liver,SRC,10
CD56dim-liver,STAT1,522
CD56dim-liver,STAT2,697
CD56dim-liver,STAT4,1174
CD56dim-liver,STAT5A,379
CD56dim-liver,STAT5B,709
CD56dim-liver,SYK,471
CD56dim-liver,TAGAP,4234
CD56dim-liver,TAL1,6
CD56dim-liver,TAP1,448
CD56dim-liver,TAP2,261
CD56dim-liver,TAPBP,3127
CD56dim-liver,TBK1,280
CD56dim-liver,TBX21,2875
CD56dim-liver,TCF4,10
CD56dim-liver,TCF7,1037
CD56dim-liver,TFRC,251
CD56dim-liver,TGFB1,3003
CD56dim-liver,TGFBI,16
CD56dim-liver,TGFBR1,910
CD56dim-liver,TGFBR2,760
CD56dim-liver,TIGIT,1139
CD56dim-liver,TIRAP,76
CD56dim-liver,TLR1,563
CD56dim-liver,TLR2,35
CD56dim-liver,TLR3,35
CD56dim-liver,TLR4,13
CD56dim-liver,TLR5,10
CD56dim-liver,TLR7,3
CD56dim-liver,TLR8,6
CD56dim-liver,TLR9,22
CD56dim-liver,TMEM173,239
CD56dim-liver,TNF,315
CD56dim-liver,TNFAIP3,4132
CD56dim-liver,TNFAIP6,13
CD56dim-liver,TNFRSF10C,3
CD56dim-liver,TNFRSF11A,6
CD56dim-liver,TNFRSF13B,3
CD56dim-liver,TNFRSF13C,48
CD56dim-liver,TNFRSF14,563
CD56dim-liver,TNFRSF17,6
CD56dim-liver,TNFRSF1B,779
CD56dim-liver,TNFRSF4,45
CD56dim-liver,TNFRSF8,13
CD56dim-liver,TNFRSF9,534
CD56dim-liver,TNFSF10,280
CD56dim-liver,TNFSF11,35
CD56dim-liver,TNFSF12,522
CD56dim-liver,TNFSF13B,41
CD56dim-liver,TNFSF15,25
CD56dim-liver,TNFSF8,3
CD56dim-liver,TOLLIP,356
CD56dim-liver,TRAF1,1231
CD56dim-liver,TRAF4,48
CD56dim-liver,TRAF5,137
CD56dim-liver,TYK2,515
CD56dim-liver,VCAM1,25
CD56dim-liver,VTN,10
CD56dim-liver,XBP1,239
CD56dim-liver,XCL1,83
CD56dim-liver,XCR1,25
CD56dim-liver,ZAP70,1797
CD56dim-liver,ABCB1,1140
CD56dim-liver,ABL1,142
CD56dim-liver,ADA,363
CD56dim-liver,AHR,285
CD56dim-liver,AIRE,4
CD56dim-liver,APP,29
CD56dim-liver,ARHGDIB,3673
CD56dim-liver,ATG16L1,289
CD56dim-liver,ATM,14
CD56dim-liver,BATF,185
CD56dim-liver,BATF3,4
CD56dim-liver,BCL2,406
CD56dim-liver,BCL3,659
CD56dim-liver,BCL6,805
CD56dim-liver,BID,114
CD56dim-liver,BLNK,11
CD56dim-liver,BST1,11
CD56dim-liver,BST2,1033
CD56dim-liver,BTK,39
CD56dim-liver,C1QA,4
CD56dim-liver,C1QB,39
CD56dim-liver,C1QBP,274
CD56dim-liver,C1R,18
CD56dim-liver,C1S,7
CD56dim-liver,C2,36
CD56dim-liver,C3,14
CD56dim-liver,C4A,39
CD56dim-liver,C4B,25
CD56dim-liver,C5,18
CD56dim-liver,C7,14
CD56dim-liver,C8G,32
CD56dim-liver,C9,7
CD56dim-liver,CAMP,4
CD56dim-liver,CARD9,11
CD56dim-liver,CASP1,520
CD56dim-liver,CASP10,14
CD56dim-liver,CASP2,356
CD56dim-liver,CASP3,167
CD56dim-liver,CASP8,1047
CD56dim-liver,CCBP2,4
CD56dim-liver,CCL13,11
CD56dim-liver,CCL16,7
CD56dim-liver,CCL18,11
CD56dim-liver,CCL19,4
CD56dim-liver,CCL2,43
CD56dim-liver,CCL20,4
CD56dim-liver,CCL22,14
CD56dim-liver,CCL23,4
CD56dim-liver,CCL24,2269
CD56dim-liver,CCL26,14
CD56dim-liver,CCL3,4513
CD56dim-liver,CCL4,18855
CD56dim-liver,CCL5,13526
CD56dim-liver,CCL7,7
CD56dim-liver,CCL8,14
CD56dim-liver,CCR10,14
CD56dim-liver,CCR5,232
CD56dim-liver,CCR6,4
CD56dim-liver,CCR7,29
CD56dim-liver,CCR8,4
CD56dim-liver,CCRL2,7
CD56dim-liver,CD14,4
CD56dim-liver,CD19,4
CD56dim-liver,CD209,164
CD56dim-liver,CD22,25
CD56dim-liver,CD24,11
CD56dim-liver,CD244,858
CD56dim-liver,CD247,7840
CD56dim-liver,CD27,11
CD56dim-liver,CD274,182
CD56dim-liver,CD28,21
CD56dim-liver,CD36,82
CD56dim-liver,CD3D,171
CD56dim-liver,CD3E,777
CD56dim-liver,CD3EAP,18
CD56dim-liver,CD4,7
CD56dim-liver,CD40,71
CD56dim-liver,CD40LG,14
CD56dim-liver,CD44,912
CD56dim-liver,CD46,1037
CD56dim-liver,CD5,18
CD56dim-liver,CD53,1254
CD56dim-liver,CD55,25
CD56dim-liver,CD58,905
CD56dim-liver,CD59,563
CD56dim-liver,CD6,901
CD56dim-liver,CD7,1425
CD56dim-liver,CD74,7228
CD56dim-liver,CD79A,14
CD56dim-liver,CD80,78
CD56dim-liver,CD81,1211
CD56dim-liver,CD82,427
CD56dim-liver,CD83,1101
CD56dim-liver,CD86,142
CD56dim-liver,CD8A,153
CD56dim-liver,CD8B,21
CD56dim-liver,CD9,71
CD56dim-liver,CD96,3708
CD56dim-liver,CD97,5115
CD56dim-liver,CDH5,4
CD56dim-liver,CDKN1A,449
CD56dim-liver,CEACAM1,4
CD56dim-liver,CEBPB,431
CD56dim-liver,CFB,18
CD56dim-liver,CFD,7
CD56dim-liver,CFH,11
CD56dim-liver,CFP,14
CD56dim-liver,CIITA,53
CD56dim-liver,CISH,50
CD56dim-liver,CLEC4A,71
CD56dim-liver,CLEC4E,14
CD56dim-liver,CLEC5A,160
CD56dim-liver,CLU,11
CD56dim-liver,CMKLR1,556
CD56dim-liver,CR1,11
CD56dim-liver,CR2,4
CD56dim-liver,CRADD,114
CD56dim-liver,CSF1,157
CD56dim-liver,CSF1R,18
CD56dim-liver,CSF2,11
CD56dim-liver,CSF2RB,153
CD56dim-liver,CSF3R,7
CD56dim-liver,CTLA4,25
CD56dim-liver,CTSC,2141
CD56dim-liver,CUL9,502
CD56dim-liver,CX3CR1,2052
CD56dim-liver,CXCL1,517
CD56dim-liver,CXCL10,125
CD56dim-liver,CXCL11,39
CD56dim-liver,CXCL2,232
CD56dim-liver,CXCR1,14
CD56dim-liver,CXCR2,146
CD56dim-liver,CXCR3,406
CD56dim-liver,CXCR4,3388
CD56dim-liver,CXCR6,107
CD56dim-liver,CYBB,157
CD56dim-liver,DEFB1,14
CD56dim-liver,DPP4,7
CD56dim-liver,EBI3,71
CD56dim-liver,ENTPD1,14
CD56dim-liver,ETS1,5329
CD56dim-liver,FADD,61
CD56dim-liver,FAS,61
CD56dim-liver,FCAR,57
CD56dim-liver,FCER1A,4
CD56dim-liver,FCER1G,2016
CD56dim-liver,FCGR1A,7
CD56dim-liver,FCGR2A,53
CD56dim-liver,FCGR2B,25
CD56dim-liver,FCGR2C,331
CD56dim-liver,FCGR3A,2675
CD56dim-liver,FCGRT,89
CD56dim-liver,FKBP5,89
CD56dim-liver,FN1,11
CD56dim-liver,FOXP3,7
CD56dim-liver,FYN,4859
CD56dim-liver,GATA3,89
CD56dim-liver,GFI1,645
CD56dim-liver,GNLY,12799
CD56dim-liver,GZMA,1443
CD56dim-liver,GZMB,8004
CD56dim-liver,HAMP,4
CD56dim-liver,HFE,4
CD56dim-liver,HLA-C,26211
CD56dim-liver,HLA-DMB,100
CD56dim-liver,HLA-DOB,43
CD56dim-liver,HLA-DPA1,1450
CD56dim-liver,HLA-DPB1,1222
CD56dim-liver,HLA-DQA1,217
CD56dim-liver,HLA-DQB1,36
CD56dim-liver,HLA-DRA,1464
CD56dim-liver,HLA-DRB1,1916
CD56dim-liver,HLA-DRB3,1005
CD56dim-liver,ICAM1,167
CD56dim-liver,ICAM2,588
CD56dim-liver,ICAM3,431
CD56dim-liver,ICAM4,7
CD56dim-liver,ICAM5,4
CD56dim-liver,ICOS,18
CD56dim-liver,ICOSLG,29
CD56dim-liver,IFI16,1582
CD56dim-liver,IFI35,107
CD56dim-liver,IFIH1,182
CD56dim-liver,IFIT2,246
CD56dim-liver,IFITM1,2486
CD56dim-liver,IFNAR1,175
CD56dim-liver,IFNAR2,648
CD56dim-liver,IFNB1,7
CD56dim-liver,IFNG,221
CD56dim-liver,IFNGR1,335
CD56dim-liver,IGF2R,346
CD56dim-liver,IKBKB,207
CD56dim-liver,IKBKE,178
CD56dim-liver,IKBKG,420
CD56dim-liver,IKZF1,442
CD56dim-liver,IKZF2,271
CD56dim-liver,IKZF3,1699
CD56dim-liver,IL10,4
CD56dim-liver,IL10RA,1322
CD56dim-liver,IL11RA,146
CD56dim-liver,IL12A,25
CD56dim-liver,IL12B,14
CD56dim-liver,IL12RB1,509
CD56dim-liver,IL13,7
CD56dim-liver,IL13RA1,46
CD56dim-liver,IL15,43
CD56dim-liver,IL16,1307
CD56dim-liver,IL17A,4
CD56dim-liver,IL17F,4
CD56dim-liver,IL18,21
CD56dim-liver,IL18R1,310
CD56dim-liver,IL18RAP,531
CD56dim-liver,IL1A,18
CD56dim-liver,IL1B,395
CD56dim-liver,IL1R1,4
CD56dim-liver,IL1R2,21
CD56dim-liver,IL1RAP,68
CD56dim-liver,IL1RL1,7
CD56dim-liver,IL1RL2,4
CD56dim-liver,IL1RN,2583
CD56dim-liver,IL2,11
CD56dim-liver,IL20,21
CD56dim-liver,IL21,4
CD56dim-liver,IL21R,153
CD56dim-liver,IL22,4
CD56dim-liver,IL23A,11
CD56dim-liver,IL23R,11
CD56dim-liver,IL26,43
CD56dim-liver,IL28B,7
CD56dim-liver,IL29,18
CD56dim-liver,IL2RA,167
CD56dim-liver,IL2RB,3459
CD56dim-liver,IL2RG,5436
CD56dim-liver,IL3,7
CD56dim-liver,IL32,14056
CD56dim-liver,IL4,4
CD56dim-liver,IL4R,720
CD56dim-liver,IL5,4
CD56dim-liver,IL6,11
CD56dim-liver,IL6R,93
CD56dim-liver,IL6ST,207
CD56dim-liver,IL7R,157
CD56dim-liver,IL8,8998
CD56dim-liver,IL9,4
CD56dim-liver,IRAK2,196
CD56dim-liver,IRAK3,21
CD56dim-liver,IRAK4,467
CD56dim-liver,IRF1,1728
CD56dim-liver,IRF3,1478
CD56dim-liver,IRF4,997
CD56dim-liver,IRF5,36
CD56dim-liver,IRF7,591
CD56dim-liver,IRF8,182
CD56dim-liver,IRGM,21
CD56dim-liver,ITGA2B,7
CD56dim-liver,ITGA4,477
CD56dim-liver,ITGA5,812
CD56dim-liver,ITGA6,18
CD56dim-liver,ITGAL,2237
CD56dim-liver,ITGAM,353
CD56dim-liver,ITGAX,933
CD56dim-liver,ITGB1,1614
CD56dim-liver,ITGB2,1054
CD56dim-liver,JAK1,3064
CD56dim-liver,JAK2,816
CD56dim-liver,JAK3,613
CD56dim-liver,KIR2DL1,89
CD56dim-liver,KIR2DL2,93
CD56dim-liver,KIR2DL3,809
CD56dim-liver,KIR2DL5A,242
CD56dim-liver,KIR2DS1,64
CD56dim-liver,KIR2DS2,253
CD56dim-liver,KIR2DS3,93
CD56dim-liver,KIR2DS4,417
CD56dim-liver,KIR2DS5,7
CD56dim-liver,KIR3DL1,1083
CD56dim-liver,KIR3DL2,965
CD56dim-liver,KIR3DL3,4
CD56dim-liver,KIR3DS1,171
CD56dim-liver,KIT,11
CD56dim-liver,KLRB1,5536
CD56dim-liver,KLRC1,328
CD56dim-liver,KLRD1,5931
CD56dim-liver,LAIR1,353
CD56dim-liver,LCK,1592
CD56dim-liver,LCP2,2123
CD56dim-liver,LEF1,4
CD56dim-liver,LIF,4
CD56dim-liver,LILRA1,4
CD56dim-liver,LILRA2,36
CD56dim-liver,LILRA3,374
CD56dim-liver,LILRA5,18
CD56dim-liver,LILRA6,53
CD56dim-liver,LILRB1,321
CD56dim-liver,LILRB2,21
CD56dim-liver,LILRB3,36
CD56dim-liver,LILRB4,61
CD56dim-liver,LILRB5,14
CD56dim-liver,LITAF,2137
CD56dim-liver,LTA,32
CD56dim-liver,LTB4R,85
CD56dim-liver,LTB4R2,57
CD56dim-liver,LTBR,82
CD56dim-liver,LY96,25
CD56dim-liver,MAF,306
CD56dim-liver,MAP4K1,395
CD56dim-liver,MAP4K2,285
CD56dim-liver,MAP4K4,289
CD56dim-liver,MAPK1,1136
CD56dim-liver,MAPK11,29
CD56dim-liver,MAPK14,549
CD56dim-liver,MAPKAPK2,520
CD56dim-liver,MBP,207
CD56dim-liver,MR1,100
CD56dim-liver,MS4A1,18
CD56dim-liver,MSR1,328
CD56dim-liver,MUC1,11
CD56dim-liver,MX1,321
CD56dim-liver,MYD88,666
CD56dim-liver,NCAM1,178
CD56dim-liver,NCF4,57
CD56dim-liver,NCR1,1592
CD56dim-liver,NFATC1,96
CD56dim-liver,NFATC2,1667
CD56dim-liver,NFATC3,1143
CD56dim-liver,NFIL3,153
CD56dim-liver,NFKB1,826
CD56dim-liver,NFKBIA,4129
CD56dim-liver,NFKBIZ,392
CD56dim-liver,NOD2,96
CD56dim-liver,NOS2,11
CD56dim-liver,NOTCH1,289
CD56dim-liver,NOTCH2,445
CD56dim-liver,PAX5,4
CD56dim-liver,PDCD1,7
CD56dim-liver,PDCD1LG2,36
CD56dim-liver,PDGFB,4
CD56dim-liver,PDGFRB,196
CD56dim-liver,PLAU,103
CD56dim-liver,PLAUR,413
CD56dim-liver,PML,82
CD56dim-liver,POU2F2,217
CD56dim-liver,PPARG,29
CD56dim-liver,PPBP,171
CD56dim-liver,PRDM1,1168
CD56dim-liver,PRF1,12842
CD56dim-liver,PRKCD,260
CD56dim-liver,PSMB10,1407
CD56dim-liver,PSMB5,7
CD56dim-liver,PSMB9,1902
CD56dim-liver,PSMC2,670
CD56dim-liver,PSMD7,748
CD56dim-liver,PTAFR,18
CD56dim-liver,PTGER4,1464
CD56dim-liver,PTGS2,14
CD56dim-liver,PTK2,18
CD56dim-liver,PTPN2,645
CD56dim-liver,PTPN22,1400
CD56dim-liver,PTPN6,1382
CD56dim-liver,PTPRC,8115
CD56dim-liver,RAG1,29
CD56dim-liver,RAG2,14
CD56dim-liver,RARRES3,1361
CD56dim-liver,RORC,18
CD56dim-liver,RUNX1,527
CD56dim-liver,SELL,78
CD56dim-liver,SELPLG,50
CD56dim-liver,SERPING1,199
CD56dim-liver,SH2D1A,563
CD56dim-liver,SIGIRR,748
CD56dim-liver,SKI,531
CD56dim-liver,SLAMF1,4
CD56dim-liver,SLAMF7,3502
CD56dim-liver,SMAD3,1086
CD56dim-liver,SMAD5,242
CD56dim-liver,SOCS1,192
CD56dim-liver,SOCS3,96
CD56dim-liver,SPP1,292
CD56dim-liver,SRC,14
CD56dim-liver,STAT1,1959
CD56dim-liver,STAT2,802
CD56dim-liver,STAT4,1300
CD56dim-liver,STAT5A,470
CD56dim-liver,STAT5B,1136
CD56dim-liver,SYK,89
CD56dim-liver,TAGAP,4652
CD56dim-liver,TAL1,4
CD56dim-liver,TAP1,663
CD56dim-liver,TAP2,271
CD56dim-liver,TAPBP,3384
CD56dim-liver,TBK1,342
CD56dim-liver,TBX21,2070
CD56dim-liver,TCF4,11
CD56dim-liver,TCF7,940
CD56dim-liver,TFRC,264
CD56dim-liver,TGFB1,2864
CD56dim-liver,TGFBI,46
CD56dim-liver,TGFBR1,574
CD56dim-liver,TGFBR2,965
CD56dim-liver,TIGIT,1040
CD56dim-liver,TIRAP,36
CD56dim-liver,TLR1,467
CD56dim-liver,TLR2,85
CD56dim-liver,TLR3,36
CD56dim-liver,TLR4,14
CD56dim-liver,TLR5,7
CD56dim-liver,TLR7,7
CD56dim-liver,TLR8,18
CD56dim-liver,TLR9,21
CD56dim-liver,TMEM173,196
CD56dim-liver,TNF,841
CD56dim-liver,TNFAIP3,8004
CD56dim-liver,TNFAIP6,7
CD56dim-liver,TNFRSF10C,7
CD56dim-liver,TNFRSF11A,4
CD56dim-liver,TNFRSF13B,18
CD56dim-liver,TNFRSF13C,107
CD56dim-liver,TNFRSF14,720
CD56dim-liver,TNFRSF17,11
CD56dim-liver,TNFRSF1B,937
CD56dim-liver,TNFRSF4,199
CD56dim-liver,TNFRSF8,11
CD56dim-liver,TNFRSF9,1190
CD56dim-liver,TNFSF10,221
CD56dim-liver,TNFSF11,7
CD56dim-liver,TNFSF12,463
CD56dim-liver,TNFSF13B,11
CD56dim-liver,TNFSF15,25
CD56dim-liver,TNFSF8,7
CD56dim-liver,TOLLIP,370
CD56dim-liver,TRAF1,1742
CD56dim-liver,TRAF4,53
CD56dim-liver,TRAF5,128
CD56dim-liver,TYK2,445
CD56dim-liver,VCAM1,164
CD56dim-liver,VTN,18
CD56dim-liver,XBP1,224
CD56dim-liver,XCL1,103
CD56dim-liver,XCR1,7
CD56dim-liver,ZAP70,1343
CD56dim-blood,ABCB1,779
CD56dim-blood,ABL1,157
CD56dim-blood,ADA,273
CD56dim-blood,AHR,168
CD56dim-blood,AIRE,2
CD56dim-blood,APP,9
CD56dim-blood,ARHGDIB,3938
CD56dim-blood,ATG16L1,366
CD56dim-blood,ATM,13
CD56dim-blood,BATF,136
CD56dim-blood,BATF3,2
CD56dim-blood,BCL2,411
CD56dim-blood,BCL3,730
CD56dim-blood,BCL6,827
CD56dim-blood,BID,93
CD56dim-blood,BLNK,17
CD56dim-blood,BST1,11
CD56dim-blood,BST2,782
CD56dim-blood,BTK,13
CD56dim-blood,C1QA,9
CD56dim-blood,C1QB,28
CD56dim-blood,C1QBP,237
CD56dim-blood,C1R,13
CD56dim-blood,C1S,6
CD56dim-blood,C2,9
CD56dim-blood,C3,4
CD56dim-blood,C4A,37
CD56dim-blood,C4B,24
CD56dim-blood,C5,6
CD56dim-blood,C7,19
CD56dim-blood,C8G,34
CD56dim-blood,C9,6
CD56dim-blood,CAMP,4
CD56dim-blood,CARD9,17
CD56dim-blood,CASP1,433
CD56dim-blood,CASP10,17
CD56dim-blood,CASP2,474
CD56dim-blood,CASP3,211
CD56dim-blood,CASP8,1130
CD56dim-blood,CCBP2,11
CD56dim-blood,CCL13,4
CD56dim-blood,CCL16,6
CD56dim-blood,CCL18,15
CD56dim-blood,CCL19,2
CD56dim-blood,CCL2,28
CD56dim-blood,CCL20,4
CD56dim-blood,CCL22,11
CD56dim-blood,CCL23,13
CD56dim-blood,CCL24,721
CD56dim-blood,CCL26,2
CD56dim-blood,CCL3,2009
CD56dim-blood,CCL4,10567
CD56dim-blood,CCL5,10550
CD56dim-blood,CCL7,6
CD56dim-blood,CCL8,13
CD56dim-blood,CCR10,6
CD56dim-blood,CCR5,80
CD56dim-blood,CCR6,2
CD56dim-blood,CCR7,58
CD56dim-blood,CCR8,2
CD56dim-blood,CCRL2,2
CD56dim-blood,CD14,13
CD56dim-blood,CD19,13
CD56dim-blood,CD209,26
CD56dim-blood,CD22,6
CD56dim-blood,CD24,4
CD56dim-blood,CD244,1012
CD56dim-blood,CD247,4504
CD56dim-blood,CD27,6
CD56dim-blood,CD274,62
CD56dim-blood,CD28,2
CD56dim-blood,CD36,6
CD56dim-blood,CD3D,282
CD56dim-blood,CD3E,342
CD56dim-blood,CD3EAP,6
CD56dim-blood,CD4,4
CD56dim-blood,CD40,39
CD56dim-blood,CD40LG,2
CD56dim-blood,CD44,980
CD56dim-blood,CD46,1141
CD56dim-blood,CD5,62
CD56dim-blood,CD53,919
CD56dim-blood,CD55,58
CD56dim-blood,CD58,747
CD56dim-blood,CD59,463
CD56dim-blood,CD6,965
CD56dim-blood,CD7,855
CD56dim-blood,CD74,6569
CD56dim-blood,CD79A,11
CD56dim-blood,CD80,22
CD56dim-blood,CD81,1206
CD56dim-blood,CD82,678
CD56dim-blood,CD83,906
CD56dim-blood,CD86,19
CD56dim-blood,CD8A,280
CD56dim-blood,CD8B,9
CD56dim-blood,CD9,22
CD56dim-blood,CD96,2945
CD56dim-blood,CD97,4687
CD56dim-blood,CDH5,2
CD56dim-blood,CDKN1A,133
CD56dim-blood,CEACAM1,2
CD56dim-blood,CEBPB,179
CD56dim-blood,CFB,6
CD56dim-blood,CFD,2
CD56dim-blood,CFH,13
CD56dim-blood,CFP,9
CD56dim-blood,CIITA,56
CD56dim-blood,CISH,39
CD56dim-blood,CLEC4A,34
CD56dim-blood,CLEC4E,6
CD56dim-blood,CLEC5A,22
CD56dim-blood,CLU,15
CD56dim-blood,CMKLR1,812
CD56dim-blood,CR1,4
CD56dim-blood,CR2,6
CD56dim-blood,CRADD,127
CD56dim-blood,CSF1,93
CD56dim-blood,CSF1R,6
CD56dim-blood,CSF2,47
CD56dim-blood,CSF2RB,45
CD56dim-blood,CSF3R,2
CD56dim-blood,CTLA4,15
CD56dim-blood,CTSC,2183
CD56dim-blood,CUL9,521
CD56dim-blood,CX3CR1,1916
CD56dim-blood,CXCL1,80
CD56dim-blood,CXCL10,15
CD56dim-blood,CXCL11,15
CD56dim-blood,CXCL2,41
CD56dim-blood,CXCR1,15
CD56dim-blood,CXCR2,106
CD56dim-blood,CXCR3,433
CD56dim-blood,CXCR4,6752
CD56dim-blood,CXCR6,19
CD56dim-blood,CYBB,34
CD56dim-blood,DEFB1,4
CD56dim-blood,DPP4,13
CD56dim-blood,EBI3,45
CD56dim-blood,ENTPD1,13
CD56dim-blood,ETS1,6216
CD56dim-blood,FADD,65
CD56dim-blood,FAS,60
CD56dim-blood,FCAR,6
CD56dim-blood,FCER1A,2
CD56dim-blood,FCER1G,866
CD56dim-blood,FCGR1A,4
CD56dim-blood,FCGR2A,6
CD56dim-blood,FCGR2B,17
CD56dim-blood,FCGR2C,338
CD56dim-blood,FCGR3A,3184
CD56dim-blood,FCGRT,73
CD56dim-blood,FKBP5,151
CD56dim-blood,FN1,2
CD56dim-blood,FOXP3,2
CD56dim-blood,FYN,4629
CD56dim-blood,GATA3,84
CD56dim-blood,GFI1,609
CD56dim-blood,GNLY,20279
CD56dim-blood,GZMA,2377
CD56dim-blood,GZMB,7469
CD56dim-blood,HAMP,11
CD56dim-blood,HFE,2
CD56dim-blood,HLA-C,16660
CD56dim-blood,HLA-DMB,174
CD56dim-blood,HLA-DOB,34
CD56dim-blood,HLA-DPA1,850
CD56dim-blood,HLA-DPB1,1227
CD56dim-blood,HLA-DQA1,409
CD56dim-blood,HLA-DQB1,65
CD56dim-blood,HLA-DRA,469
CD56dim-blood,HLA-DRB1,1778
CD56dim-blood,HLA-DRB3,889
CD56dim-blood,ICAM1,151
CD56dim-blood,ICAM2,571
CD56dim-blood,ICAM3,416
CD56dim-blood,ICAM4,15
CD56dim-blood,ICAM5,9
CD56dim-blood,ICOS,54
CD56dim-blood,ICOSLG,6
CD56dim-blood,IFI16,1363
CD56dim-blood,IFI35,88
CD56dim-blood,IFIH1,194
CD56dim-blood,IFIT2,47
CD56dim-blood,IFITM1,1770
CD56dim-blood,IFNAR1,183
CD56dim-blood,IFNAR2,833
CD56dim-blood,IFNB1,9
CD56dim-blood,IFNG,101
CD56dim-blood,IFNGR1,431
CD56dim-blood,IGF2R,258
CD56dim-blood,IKBKB,207
CD56dim-blood,IKBKE,164
CD56dim-blood,IKBKG,454
CD56dim-blood,IKZF1,515
CD56dim-blood,IKZF2,205
CD56dim-blood,IKZF3,1272
CD56dim-blood,IL10,2
CD56dim-blood,IL10RA,1522
CD56dim-blood,IL11RA,125
CD56dim-blood,IL12A,9
CD56dim-blood,IL12B,2
CD56dim-blood,IL12RB1,349
CD56dim-blood,IL13,2
CD56dim-blood,IL13RA1,22
CD56dim-blood,IL15,34
CD56dim-blood,IL16,1393
CD56dim-blood,IL17A,4
CD56dim-blood,IL17F,9
CD56dim-blood,IL18,11
CD56dim-blood,IL18R1,433
CD56dim-blood,IL18RAP,868
CD56dim-blood,IL1A,11
CD56dim-blood,IL1B,112
CD56dim-blood,IL1R1,4
CD56dim-blood,IL1R2,9
CD56dim-blood,IL1RAP,58
CD56dim-blood,IL1RL1,2
CD56dim-blood,IL1RL2,2
CD56dim-blood,IL1RN,312
CD56dim-blood,IL2,6
CD56dim-blood,IL20,2
CD56dim-blood,IL21,6
CD56dim-blood,IL21R,93
CD56dim-blood,IL22,2
CD56dim-blood,IL23A,9
CD56dim-blood,IL23R,2
CD56dim-blood,IL26,22
CD56dim-blood,IL28B,4
CD56dim-blood,IL29,4
CD56dim-blood,IL2RA,194
CD56dim-blood,IL2RB,2700
CD56dim-blood,IL2RG,5639
CD56dim-blood,IL3,2
CD56dim-blood,IL32,10238
CD56dim-blood,IL4,2
CD56dim-blood,IL4R,747
CD56dim-blood,IL5,2
CD56dim-blood,IL6,2
CD56dim-blood,IL6R,17
CD56dim-blood,IL6ST,207
CD56dim-blood,IL7R,782
CD56dim-blood,IL8,969
CD56dim-blood,IL9,2
CD56dim-blood,IRAK2,138
CD56dim-blood,IRAK3,9
CD56dim-blood,IRAK4,364
CD56dim-blood,IRF1,1132
CD56dim-blood,IRF3,1305
CD56dim-blood,IRF4,491
CD56dim-blood,IRF5,22
CD56dim-blood,IRF7,441
CD56dim-blood,IRF8,67
CD56dim-blood,IRGM,11
CD56dim-blood,ITGA2B,4
CD56dim-blood,ITGA4,644
CD56dim-blood,ITGA5,607
CD56dim-blood,ITGA6,60
CD56dim-blood,ITGAL,1731
CD56dim-blood,ITGAM,566
CD56dim-blood,ITGAX,161
CD56dim-blood,ITGB1,2110
CD56dim-blood,ITGB2,1359
CD56dim-blood,JAK1,3540
CD56dim-blood,JAK2,642
CD56dim-blood,JAK3,588
CD56dim-blood,KIR2DL1,47
CD56dim-blood,KIR2DL2,39
CD56dim-blood,KIR2DL3,454
CD56dim-blood,KIR2DL5A,60
CD56dim-blood,KIR2DS1,9
CD56dim-blood,KIR2DS2,15
CD56dim-blood,KIR2DS3,13
CD56dim-blood,KIR2DS4,39
CD56dim-blood,KIR2DS5,9
CD56dim-blood,KIR3DL1,530
CD56dim-blood,KIR3DL2,224
CD56dim-blood,KIR3DL3,4
CD56dim-blood,KIR3DS1,67
CD56dim-blood,KIT,13
CD56dim-blood,KLRB1,2937
CD56dim-blood,KLRC1,547
CD56dim-blood,KLRD1,4515
CD56dim-blood,LAIR1,189
CD56dim-blood,LCK,2302
CD56dim-blood,LCP2,2119
CD56dim-blood,LEF1,82
CD56dim-blood,LIF,2
CD56dim-blood,LILRA1,4
CD56dim-blood,LILRA2,13
CD56dim-blood,LILRA3,469
CD56dim-blood,LILRA5,6
CD56dim-blood,LILRA6,2
CD56dim-blood,LILRB1,478
CD56dim-blood,LILRB2,4
CD56dim-blood,LILRB3,2
CD56dim-blood,LILRB4,6
CD56dim-blood,LILRB5,2
CD56dim-blood,LITAF,2020
CD56dim-blood,LTA,80
CD56dim-blood,LTB4R,133
CD56dim-blood,LTB4R2,71
CD56dim-blood,LTBR,22
CD56dim-blood,LY96,6
CD56dim-blood,MAF,562
CD56dim-blood,MAP4K1,273
CD56dim-blood,MAP4K2,271
CD56dim-blood,MAP4K4,273
CD56dim-blood,MAPK1,1033
CD56dim-blood,MAPK11,26
CD56dim-blood,MAPK14,579
CD56dim-blood,MAPKAPK2,555
CD56dim-blood,MBP,293
CD56dim-blood,MR1,106
CD56dim-blood,MS4A1,11
CD56dim-blood,MSR1,43
CD56dim-blood,MUC1,15
CD56dim-blood,MX1,146
CD56dim-blood,MYD88,583
CD56dim-blood,NCAM1,349
CD56dim-blood,NCF4,22
CD56dim-blood,NCR1,2187
CD56dim-blood,NFATC1,75
CD56dim-blood,NFATC2,1684
CD56dim-blood,NFATC3,1520
CD56dim-blood,NFIL3,67
CD56dim-blood,NFKB1,685
CD56dim-blood,NFKBIA,3779
CD56dim-blood,NFKBIZ,377
CD56dim-blood,NOD2,71
CD56dim-blood,NOS2,6
CD56dim-blood,NOTCH1,340
CD56dim-blood,NOTCH2,515
CD56dim-blood,PAX5,2
CD56dim-blood,PDCD1,2
CD56dim-blood,PDCD1LG2,19
CD56dim-blood,PDGFB,9
CD56dim-blood,PDGFRB,101
CD56dim-blood,PLAU,19
CD56dim-blood,PLAUR,90
CD56dim-blood,PML,106
CD56dim-blood,POU2F2,375
CD56dim-blood,PPARG,6
CD56dim-blood,PPBP,28
CD56dim-blood,PRDM1,1132
CD56dim-blood,PRF1,13306
CD56dim-blood,PRKCD,243
CD56dim-blood,PSMB10,1005
CD56dim-blood,PSMB5,22
CD56dim-blood,PSMB9,1796
CD56dim-blood,PSMC2,495
CD56dim-blood,PSMD7,575
CD56dim-blood,PTAFR,22
CD56dim-blood,PTGER4,1057
CD56dim-blood,PTGS2,2
CD56dim-blood,PTK2,6
CD56dim-blood,PTPN2,590
CD56dim-blood,PTPN22,1311
CD56dim-blood,PTPN6,704
CD56dim-blood,PTPRC,8076
CD56dim-blood,RAG1,2
CD56dim-blood,RAG2,15
CD56dim-blood,RARRES3,909
CD56dim-blood,RORC,2
CD56dim-blood,RUNX1,366
CD56dim-blood,SELL,220
CD56dim-blood,SELPLG,41
CD56dim-blood,SERPING1,9
CD56dim-blood,SH2D1A,977
CD56dim-blood,SIGIRR,799
CD56dim-blood,SKI,422
CD56dim-blood,SLAMF1,4
CD56dim-blood,SLAMF7,2504
CD56dim-blood,SMAD3,1477
CD56dim-blood,SMAD5,213
CD56dim-blood,SOCS1,125
CD56dim-blood,SOCS3,13
CD56dim-blood,SPP1,168
CD56dim-blood,SRC,6
CD56dim-blood,STAT1,689
CD56dim-blood,STAT2,596
CD56dim-blood,STAT4,1531
CD56dim-blood,STAT5A,504
CD56dim-blood,STAT5B,941
CD56dim-blood,SYK,177
CD56dim-blood,TAGAP,5107
CD56dim-blood,TAL1,6
CD56dim-blood,TAP1,517
CD56dim-blood,TAP2,280
CD56dim-blood,TAPBP,2973
CD56dim-blood,TBK1,235
CD56dim-blood,TBX21,1905
CD56dim-blood,TCF4,4
CD56dim-blood,TCF7,937
CD56dim-blood,TFRC,286
CD56dim-blood,TGFB1,2724
CD56dim-blood,TGFBI,28
CD56dim-blood,TGFBR1,646
CD56dim-blood,TGFBR2,708
CD56dim-blood,TIGIT,1374
CD56dim-blood,TIRAP,86
CD56dim-blood,TLR1,424
CD56dim-blood,TLR2,17
CD56dim-blood,TLR3,43
CD56dim-blood,TLR4,11
CD56dim-blood,TLR5,15
CD56dim-blood,TLR7,4
CD56dim-blood,TLR8,4
CD56dim-blood,TLR9,22
CD56dim-blood,TMEM173,282
CD56dim-blood,TNF,392
CD56dim-blood,TNFAIP3,5510
CD56dim-blood,TNFAIP6,2
CD56dim-blood,TNFRSF10C,4
CD56dim-blood,TNFRSF11A,11
CD56dim-blood,TNFRSF13B,6
CD56dim-blood,TNFRSF13C,194
CD56dim-blood,TNFRSF14,732
CD56dim-blood,TNFRSF17,2
CD56dim-blood,TNFRSF1B,799
CD56dim-blood,TNFRSF4,241
CD56dim-blood,TNFRSF8,9
CD56dim-blood,TNFRSF9,1869
CD56dim-blood,TNFSF10,269
CD56dim-blood,TNFSF11,4
CD56dim-blood,TNFSF12,411
CD56dim-blood,TNFSF13B,30
CD56dim-blood,TNFSF15,9
CD56dim-blood,TNFSF8,2
CD56dim-blood,TOLLIP,366
CD56dim-blood,TRAF1,2284
CD56dim-blood,TRAF4,50
CD56dim-blood,TRAF5,181
CD56dim-blood,TYK2,489
CD56dim-blood,VCAM1,164
CD56dim-blood,VTN,6
CD56dim-blood,XBP1,200
CD56dim-blood,XCL1,131
CD56dim-blood,XCR1,11
CD56dim-blood,ZAP70,1100
CD56dim-blood,ABCB1,1037
CD56dim-blood,ABL1,130
CD56dim-blood,ADA,575
CD56dim-blood,AHR,377
CD56dim-blood,AIRE,7
CD56dim-blood,APP,48
CD56dim-blood,ARHGDIB,3697
CD56dim-blood,ATG16L1,346
CD56dim-blood,ATM,21
CD56dim-blood,BATF,161
CD56dim-blood,BATF3,17
CD56dim-blood,BCL2,438
CD56dim-blood,BCL3,805
CD56dim-blood,BCL6,1065
CD56dim-blood,BID,79
CD56dim-blood,BLNK,7
CD56dim-blood,BST1,14
CD56dim-blood,BST2,1558
CD56dim-blood,BTK,31
CD56dim-blood,C1QA,7
CD56dim-blood,C1QB,17
CD56dim-blood,C1QBP,332
CD56dim-blood,C1R,48
CD56dim-blood,C1S,3
CD56dim-blood,C2,10
CD56dim-blood,C3,51
CD56dim-blood,C4A,55
CD56dim-blood,C4B,45
CD56dim-blood,C5,3
CD56dim-blood,C7,3
CD56dim-blood,C8G,38
CD56dim-blood,C9,3
CD56dim-blood,CAMP,7
CD56dim-blood,CARD9,10
CD56dim-blood,CASP1,387
CD56dim-blood,CASP10,17
CD56dim-blood,CASP2,500
CD56dim-blood,CASP3,390
CD56dim-blood,CASP8,1616
CD56dim-blood,CCBP2,14
CD56dim-blood,CCL13,3
CD56dim-blood,CCL16,3
CD56dim-blood,CCL18,14
CD56dim-blood,CCL19,10
CD56dim-blood,CCL2,1041
CD56dim-blood,CCL20,284
CD56dim-blood,CCL22,21
CD56dim-blood,CCL23,10
CD56dim-blood,CCL24,1188
CD56dim-blood,CCL26,3
CD56dim-blood,CCL3,7309
CD56dim-blood,CCL4,24259
CD56dim-blood,CCL5,8158
CD56dim-blood,CCL7,82
CD56dim-blood,CCL8,38
CD56dim-blood,CCR10,3
CD56dim-blood,CCR5,96
CD56dim-blood,CCR6,21
CD56dim-blood,CCR7,24
CD56dim-blood,CCR8,7
CD56dim-blood,CCRL2,3
CD56dim-blood,CD14,171
CD56dim-blood,CD19,3
CD56dim-blood,CD209,21
CD56dim-blood,CD22,10
CD56dim-blood,CD24,51
CD56dim-blood,CD244,1636
CD56dim-blood,CD247,6833
CD56dim-blood,CD27,27
CD56dim-blood,CD274,89
CD56dim-blood,CD28,7
CD56dim-blood,CD36,65
CD56dim-blood,CD3D,31
CD56dim-blood,CD3E,336
CD56dim-blood,CD3EAP,17
CD56dim-blood,CD4,10
CD56dim-blood,CD40,68
CD56dim-blood,CD40LG,10
CD56dim-blood,CD44,815
CD56dim-blood,CD46,1154
CD56dim-blood,CD5,14
CD56dim-blood,CD53,1428
CD56dim-blood,CD55,51
CD56dim-blood,CD58,873
CD56dim-blood,CD59,668
CD56dim-blood,CD6,366
CD56dim-blood,CD7,1096
CD56dim-blood,CD74,7289
CD56dim-blood,CD79A,31
CD56dim-blood,CD80,38
CD56dim-blood,CD81,2023
CD56dim-blood,CD82,746
CD56dim-blood,CD83,1017
CD56dim-blood,CD86,72
CD56dim-blood,CD8A,236
CD56dim-blood,CD8B,14
CD56dim-blood,CD9,127
CD56dim-blood,CD96,3044
CD56dim-blood,CD97,7196
CD56dim-blood,CDH5,7
CD56dim-blood,CDKN1A,312
CD56dim-blood,CEACAM1,3
CD56dim-blood,CEBPB,510
CD56dim-blood,CFB,31
CD56dim-blood,CFD,3
CD56dim-blood,CFH,17
CD56dim-blood,CFP,3
CD56dim-blood,CIITA,31
CD56dim-blood,CISH,27
CD56dim-blood,CLEC4A,41
CD56dim-blood,CLEC4E,68
CD56dim-blood,CLEC5A,253
CD56dim-blood,CLU,10
CD56dim-blood,CMKLR1,657
CD56dim-blood,CR1,3
CD56dim-blood,CR2,3
CD56dim-blood,CRADD,134
CD56dim-blood,CSF1,209
CD56dim-blood,CSF1R,10
CD56dim-blood,CSF2,106
CD56dim-blood,CSF2RB,154
CD56dim-blood,CSF3R,21
CD56dim-blood,CTLA4,27
CD56dim-blood,CTSC,2787
CD56dim-blood,CUL9,534
CD56dim-blood,CX3CR1,2373
CD56dim-blood,CXCL1,4902
CD56dim-blood,CXCL10,21
CD56dim-blood,CXCL11,7
CD56dim-blood,CXCL2,1934
CD56dim-blood,CXCR1,14
CD56dim-blood,CXCR2,157
CD56dim-blood,CXCR3,517
CD56dim-blood,CXCR4,3554
CD56dim-blood,CXCR6,48
CD56dim-blood,CYBB,219
CD56dim-blood,DEFB1,10
CD56dim-blood,DPP4,7
CD56dim-blood,EBI3,130
CD56dim-blood,ENTPD1,24
CD56dim-blood,ETS1,6946
CD56dim-blood,FADD,41
CD56dim-blood,FAS,51
CD56dim-blood,FCAR,147
CD56dim-blood,FCER1A,3
CD56dim-blood,FCER1G,4481
CD56dim-blood,FCGR1A,3
CD56dim-blood,FCGR2A,48
CD56dim-blood,FCGR2B,14
CD56dim-blood,FCGR2C,644
CD56dim-blood,FCGR3A,4101
CD56dim-blood,FCGRT,134
CD56dim-blood,FKBP5,216
CD56dim-blood,FN1,10
CD56dim-blood,FOXP3,7
CD56dim-blood,FYN,4211
CD56dim-blood,GATA3,99
CD56dim-blood,GFI1,565
CD56dim-blood,GNLY,11476
CD56dim-blood,GZMA,3519
CD56dim-blood,GZMB,6604
CD56dim-blood,HAMP,3
CD56dim-blood,HFE,14
CD56dim-blood,HLA-C,21572
CD56dim-blood,HLA-DMB,110
CD56dim-blood,HLA-DOB,31
CD56dim-blood,HLA-DPA1,880
CD56dim-blood,HLA-DPB1,767
CD56dim-blood,HLA-DQA1,55
CD56dim-blood,HLA-DQB1,27
CD56dim-blood,HLA-DRA,794
CD56dim-blood,HLA-DRB1,647
CD56dim-blood,HLA-DRB3,339
CD56dim-blood,ICAM1,325
CD56dim-blood,ICAM2,712
CD56dim-blood,ICAM3,469
CD56dim-blood,ICAM4,24
CD56dim-blood,ICAM5,17
CD56dim-blood,ICOS,24
CD56dim-blood,ICOSLG,14
CD56dim-blood,IFI16,1671
CD56dim-blood,IFI35,72
CD56dim-blood,IFIH1,301
CD56dim-blood,IFIT2,89
CD56dim-blood,IFITM1,3964
CD56dim-blood,IFNAR1,151
CD56dim-blood,IFNAR2,931
CD56dim-blood,IFNB1,7
CD56dim-blood,IFNG,507
CD56dim-blood,IFNGR1,438
CD56dim-blood,IGF2R,387
CD56dim-blood,IKBKB,257
CD56dim-blood,IKBKE,199
CD56dim-blood,IKBKG,500
CD56dim-blood,IKZF1,527
CD56dim-blood,IKZF2,808
CD56dim-blood,IKZF3,1458
CD56dim-blood,IL10,17
CD56dim-blood,IL10RA,1616
CD56dim-blood,IL11RA,116
CD56dim-blood,IL12A,41
CD56dim-blood,IL12B,34
CD56dim-blood,IL12RB1,390
CD56dim-blood,IL13,3
CD56dim-blood,IL13RA1,48
CD56dim-blood,IL15,75
CD56dim-blood,IL16,2140
CD56dim-blood,IL17A,3
CD56dim-blood,IL17F,7
CD56dim-blood,IL18,79
CD56dim-blood,IL18R1,524
CD56dim-blood,IL18RAP,1537
CD56dim-blood,IL1A,455
CD56dim-blood,IL1B,9815
CD56dim-blood,IL1R1,3
CD56dim-blood,IL1R2,17
CD56dim-blood,IL1RAP,45
CD56dim-blood,IL1RL1,10
CD56dim-blood,IL1RL2,7
CD56dim-blood,IL1RN,955
CD56dim-blood,IL2,31
CD56dim-blood,IL20,21
CD56dim-blood,IL21,10
CD56dim-blood,IL21R,103
CD56dim-blood,IL22,7
CD56dim-blood,IL23A,92
CD56dim-blood,IL23R,31
CD56dim-blood,IL26,86
CD56dim-blood,IL28B,7
CD56dim-blood,IL29,10
CD56dim-blood,IL2RA,305
CD56dim-blood,IL2RB,4190
CD56dim-blood,IL2RG,6344
CD56dim-blood,IL3,7
CD56dim-blood,IL32,28443
CD56dim-blood,IL4,3
CD56dim-blood,IL4R,890
CD56dim-blood,IL5,10
CD56dim-blood,IL6,698
CD56dim-blood,IL6R,55
CD56dim-blood,IL6ST,219
CD56dim-blood,IL7R,233
CD56dim-blood,IL8,39326
CD56dim-blood,IL9,3
CD56dim-blood,IRAK2,390
CD56dim-blood,IRAK3,58
CD56dim-blood,IRAK4,500
CD56dim-blood,IRF1,1999
CD56dim-blood,IRF3,1421
CD56dim-blood,IRF4,438
CD56dim-blood,IRF5,41
CD56dim-blood,IRF7,921
CD56dim-blood,IRF8,370
CD56dim-blood,IRGM,21
CD56dim-blood,ITGA2B,10
CD56dim-blood,ITGA4,496
CD56dim-blood,ITGA5,1123
CD56dim-blood,ITGA6,62
CD56dim-blood,ITGAL,2280
CD56dim-blood,ITGAM,1421
CD56dim-blood,ITGAX,1078
CD56dim-blood,ITGB1,1722
CD56dim-blood,ITGB2,3112
CD56dim-blood,JAK1,4735
CD56dim-blood,JAK2,709
CD56dim-blood,JAK3,842
CD56dim-blood,KIR2DL1,51
CD56dim-blood,KIR2DL2,55
CD56dim-blood,KIR2DL3,455
CD56dim-blood,KIR2DL5A,51
CD56dim-blood,KIR2DS1,3
CD56dim-blood,KIR2DS2,17
CD56dim-blood,KIR2DS3,14
CD56dim-blood,KIR2DS4,27
CD56dim-blood,KIR2DS5,7
CD56dim-blood,KIR3DL1,414
CD56dim-blood,KIR3DL2,51
CD56dim-blood,KIR3DL3,3
CD56dim-blood,KIR3DS1,144
CD56dim-blood,KIT,45
CD56dim-blood,KLRB1,10565
CD56dim-blood,KLRC1,1096
CD56dim-blood,KLRD1,6323
CD56dim-blood,LAIR1,561
CD56dim-blood,LCK,1212
CD56dim-blood,LCP2,2229
CD56dim-blood,LEF1,31
CD56dim-blood,LIF,10
CD56dim-blood,LILRA1,7
CD56dim-blood,LILRA2,31
CD56dim-blood,LILRA3,233
CD56dim-blood,LILRA5,14
CD56dim-blood,LILRA6,17
CD56dim-blood,LILRB1,219
CD56dim-blood,LILRB2,21
CD56dim-blood,LILRB3,14
CD56dim-blood,LILRB4,45
CD56dim-blood,LILRB5,7
CD56dim-blood,LITAF,2283
CD56dim-blood,LTA,82
CD56dim-blood,LTB4R,106
CD56dim-blood,LTB4R2,72
CD56dim-blood,LTBR,99
CD56dim-blood,LY96,34
CD56dim-blood,MAF,380
CD56dim-blood,MAP4K1,318
CD56dim-blood,MAP4K2,294
CD56dim-blood,MAP4K4,312
CD56dim-blood,MAPK1,1250
CD56dim-blood,MAPK11,38
CD56dim-blood,MAPK14,688
CD56dim-blood,MAPKAPK2,763
CD56dim-blood,MBP,154
CD56dim-blood,MR1,140
CD56dim-blood,MS4A1,7
CD56dim-blood,MSR1,68
CD56dim-blood,MUC1,21
CD56dim-blood,MX1,442
CD56dim-blood,MYD88,688
CD56dim-blood,NCAM1,472
CD56dim-blood,NCF4,75
CD56dim-blood,NCR1,2455
CD56dim-blood,NFATC1,130
CD56dim-blood,NFATC2,2746
CD56dim-blood,NFATC3,1589
CD56dim-blood,NFIL3,171
CD56dim-blood,NFKB1,948
CD56dim-blood,NFKBIA,7819
CD56dim-blood,NFKBIZ,784
CD56dim-blood,NOD2,68
CD56dim-blood,NOS2,10
CD56dim-blood,NOTCH1,640
CD56dim-blood,NOTCH2,654
CD56dim-blood,PAX5,10
CD56dim-blood,PDCD1,17
CD56dim-blood,PDCD1LG2,7
CD56dim-blood,PDGFB,7
CD56dim-blood,PDGFRB,164
CD56dim-blood,PLAU,96
CD56dim-blood,PLAUR,575
CD56dim-blood,PML,103
CD56dim-blood,POU2F2,551
CD56dim-blood,PPARG,3
CD56dim-blood,PPBP,366
CD56dim-blood,PRDM1,1058
CD56dim-blood,PRF1,15389
CD56dim-blood,PRKCD,353
CD56dim-blood,PSMB10,1452
CD56dim-blood,PSMB5,21
CD56dim-blood,PSMB9,2390
CD56dim-blood,PSMC2,565
CD56dim-blood,PSMD7,887
CD56dim-blood,PTAFR,113
CD56dim-blood,PTGER4,1280
CD56dim-blood,PTGS2,195
CD56dim-blood,PTK2,127
CD56dim-blood,PTPN2,698
CD56dim-blood,PTPN22,1441
CD56dim-blood,PTPN6,1407
CD56dim-blood,PTPRC,6573
CD56dim-blood,RAG1,14
CD56dim-blood,RAG2,7
CD56dim-blood,RARRES3,1332
CD56dim-blood,RORC,7
CD56dim-blood,RUNX1,305
CD56dim-blood,SELL,476
CD56dim-blood,SELPLG,72
CD56dim-blood,SERPING1,24
CD56dim-blood,SH2D1A,1178
CD56dim-blood,SIGIRR,1078
CD56dim-blood,SKI,592
CD56dim-blood,SLAMF1,10
CD56dim-blood,SLAMF7,3701
CD56dim-blood,SMAD3,1640
CD56dim-blood,SMAD5,308
CD56dim-blood,SOCS1,226
CD56dim-blood,SOCS3,178
CD56dim-blood,SPP1,116
CD56dim-blood,SRC,10
CD56dim-blood,STAT1,2256
CD56dim-blood,STAT2,757
CD56dim-blood,STAT4,1486
CD56dim-blood,STAT5A,774
CD56dim-blood,STAT5B,842
CD56dim-blood,SYK,377
CD56dim-blood,TAGAP,7090
CD56dim-blood,TAL1,3
CD56dim-blood,TAP1,664
CD56dim-blood,TAP2,325
CD56dim-blood,TAPBP,5337
CD56dim-blood,TBK1,359
CD56dim-blood,TBX21,2520
CD56dim-blood,TCF4,7
CD56dim-blood,TCF7,1746
CD56dim-blood,TFRC,253
CD56dim-blood,TGFB1,5067
CD56dim-blood,TGFBI,31
CD56dim-blood,TGFBR1,726
CD56dim-blood,TGFBR2,866
CD56dim-blood,TIGIT,1270
CD56dim-blood,TIRAP,79
CD56dim-blood,TLR1,644
CD56dim-blood,TLR2,212
CD56dim-blood,TLR3,55
CD56dim-blood,TLR4,14
CD56dim-blood,TLR5,10
CD56dim-blood,TLR7,10
CD56dim-blood,TLR8,3
CD56dim-blood,TLR9,24
CD56dim-blood,TMEM173,240
CD56dim-blood,TNF,941
CD56dim-blood,TNFAIP3,5947
CD56dim-blood,TNFAIP6,21
CD56dim-blood,TNFRSF10C,10
CD56dim-blood,TNFRSF11A,27
CD56dim-blood,TNFRSF13B,10
CD56dim-blood,TNFRSF13C,14
CD56dim-blood,TNFRSF14,911
CD56dim-blood,TNFRSF17,10
CD56dim-blood,TNFRSF1B,849
CD56dim-blood,TNFRSF4,325
CD56dim-blood,TNFRSF8,7
CD56dim-blood,TNFRSF9,1736
CD56dim-blood,TNFSF10,493
CD56dim-blood,TNFSF11,17
CD56dim-blood,TNFSF12,407
CD56dim-blood,TNFSF13B,27
CD56dim-blood,TNFSF15,86
CD56dim-blood,TNFSF8,3
CD56dim-blood,TOLLIP,394
CD56dim-blood,TRAF1,1941
CD56dim-blood,TRAF4,82
CD56dim-blood,TRAF5,157
CD56dim-blood,TYK2,561
CD56dim-blood,VCAM1,17
CD56dim-blood,VTN,7
CD56dim-blood,XBP1,428
CD56dim-blood,XCL1,199
CD56dim-blood,XCR1,10
CD56dim-blood,ZAP70,1927
